<?xml version="1.0" encoding="UTF-8"?>
<gpx version="1.1" creator="Outmap" xmlns="http://www.topografix.com/GPX/1/1" xmlns:gpx_style="http://www.topografix.com/GPX/gpx_style/0/2" xmlns:om="https://outmap.pro/xmlschemas/gpx/v1" xmlns:outmap="https://outmap.pro/xmlschemas/provenance/v1">
<trk><name>Juggernaut</name><extensions><om:item>{&quot;version&quot;:1,&quot;properties&quot;:{&quot;name&quot;:&quot;Juggernaut&quot;,&quot;description&quot;:&quot;&quot;,&quot;color&quot;:&quot;&quot;,&quot;type&quot;:&quot;recorded&quot;,&quot;created_at&quot;:&quot;2026-09-09T11:10:37.000000Z&quot;,&quot;updated_at&quot;:&quot;2026-09-11T14:02:28.654000Z&quot;,&quot;coordinate_properties&quot;:{&quot;times&quot;:[&quot;2026-09-09T11:10:37Z&quot;,&quot;2026-09-09T11:10:43Z&quot;,&quot;2026-09-09T11:10:50Z&quot;,&quot;2026-09-09T11:10:56Z&quot;,&quot;2026-09-09T11:11:02Z&quot;,&quot;2026-09-09T11:11:07Z&quot;,&quot;2026-09-09T11:11:11Z&quot;,&quot;2026-09-09T11:11:15Z&quot;,&quot;2026-09-09T11:11:19Z&quot;,&quot;2026-09-09T11:11:23Z&quot;,&quot;2026-09-09T11:11:27Z&quot;,&quot;2026-09-09T11:11:31Z&quot;,&quot;2026-09-09T11:11:36Z&quot;,&quot;2026-09-09T11:11:41Z&quot;,&quot;2026-09-09T11:11:46Z&quot;,&quot;2026-09-09T11:11:51Z&quot;,&quot;2026-09-09T11:11:56Z&quot;,&quot;2026-09-09T11:12:01Z&quot;,&quot;2026-09-09T11:12:06Z&quot;,&quot;2026-09-09T11:12:11Z&quot;,&quot;2026-09-09T11:12:16Z&quot;,&quot;2026-09-09T11:12:21Z&quot;,&quot;2026-09-09T11:12:26Z&quot;,&quot;2026-09-09T11:12:31Z&quot;,&quot;2026-09-09T11:12:36Z&quot;,&quot;2026-09-09T11:12:41Z&quot;,&quot;2026-09-09T11:12:46Z&quot;,&quot;2026-09-09T11:12:51Z&quot;,&quot;2026-09-09T11:12:56Z&quot;,&quot;2026-09-09T11:13:01Z&quot;,&quot;2026-09-09T11:13:07Z&quot;,&quot;2026-09-09T11:13:12Z&quot;,&quot;2026-09-09T11:13:17Z&quot;,&quot;2026-09-09T11:13:22Z&quot;,&quot;2026-09-09T11:13:27Z&quot;,&quot;2026-09-09T11:13:32Z&quot;,&quot;2026-09-09T11:13:37Z&quot;,&quot;2026-09-09T11:13:45Z&quot;,&quot;2026-09-09T11:13:50Z&quot;,&quot;2026-09-09T11:13:55Z&quot;,&quot;2026-09-09T11:14:00Z&quot;,&quot;2026-09-09T11:14:05Z&quot;,&quot;2026-09-09T11:14:10Z&quot;,&quot;2026-09-09T11:14:15Z&quot;,&quot;2026-09-09T11:14:20Z&quot;,&quot;2026-09-09T11:14:25Z&quot;,&quot;2026-09-09T11:14:31Z&quot;,&quot;2026-09-09T11:14:37Z&quot;,&quot;2026-09-09T11:14:43Z&quot;,&quot;2026-09-09T11:14:49Z&quot;,&quot;2026-09-09T11:14:56Z&quot;,&quot;2026-09-09T11:15:02Z&quot;,&quot;2026-09-09T11:15:08Z&quot;,&quot;2026-09-09T11:15:14Z&quot;,&quot;2026-09-09T11:15:21Z&quot;,&quot;2026-09-09T11:15:27Z&quot;,&quot;2026-09-09T11:15:33Z&quot;,&quot;2026-09-09T11:15:40Z&quot;,&quot;2026-09-09T11:15:47Z&quot;,&quot;2026-09-09T11:15:54Z&quot;,&quot;2026-09-09T11:16:00Z&quot;,&quot;2026-09-09T11:16:07Z&quot;,&quot;2026-09-09T11:16:13Z&quot;,&quot;2026-09-09T11:16:19Z&quot;,&quot;2026-09-09T11:16:26Z&quot;,&quot;2026-09-09T11:16:32Z&quot;,&quot;2026-09-09T11:16:39Z&quot;,&quot;2026-09-09T11:16:45Z&quot;,&quot;2026-09-09T11:16:53Z&quot;,&quot;2026-09-09T11:17:00Z&quot;,&quot;2026-09-09T11:17:07Z&quot;,&quot;2026-09-09T11:17:13Z&quot;,&quot;2026-09-09T11:17:19Z&quot;,&quot;2026-09-09T11:17:25Z&quot;,&quot;2026-09-09T11:17:31Z&quot;,&quot;2026-09-09T11:17:38Z&quot;,&quot;2026-09-09T11:17:46Z&quot;,&quot;2026-09-09T11:17:55Z&quot;,&quot;2026-09-09T11:18:02Z&quot;,&quot;2026-09-09T11:18:09Z&quot;,&quot;2026-09-09T11:18:16Z&quot;,&quot;2026-09-09T11:18:24Z&quot;,&quot;2026-09-09T11:18:31Z&quot;,&quot;2026-09-09T11:18:37Z&quot;,&quot;2026-09-09T11:18:43Z&quot;,&quot;2026-09-09T11:18:49Z&quot;,&quot;2026-09-09T11:18:55Z&quot;,&quot;2026-09-09T11:19:01Z&quot;,&quot;2026-09-09T11:19:07Z&quot;,&quot;2026-09-09T11:19:13Z&quot;,&quot;2026-09-09T11:19:19Z&quot;,&quot;2026-09-09T11:19:25Z&quot;,&quot;2026-09-09T11:19:31Z&quot;,&quot;2026-09-09T11:19:37Z&quot;,&quot;2026-09-09T11:19:43Z&quot;,&quot;2026-09-09T11:19:51Z&quot;,&quot;2026-09-09T11:19:58Z&quot;,&quot;2026-09-09T11:20:05Z&quot;,&quot;2026-09-09T11:20:11Z&quot;,&quot;2026-09-09T11:20:19Z&quot;,&quot;2026-09-09T11:20:29Z&quot;,&quot;2026-09-09T11:20:38Z&quot;,&quot;2026-09-09T11:20:48Z&quot;,&quot;2026-09-09T11:20:56Z&quot;,&quot;2026-09-09T11:21:05Z&quot;,&quot;2026-09-09T11:21:19Z&quot;,&quot;2026-09-09T11:21:28Z&quot;,&quot;2026-09-09T11:21:37Z&quot;,&quot;2026-09-09T11:21:47Z&quot;,&quot;2026-09-09T11:21:57Z&quot;,&quot;2026-09-09T11:22:16Z&quot;,&quot;2026-09-09T11:22:33Z&quot;,&quot;2026-09-09T11:22:45Z&quot;,&quot;2026-09-09T11:23:23Z&quot;,&quot;2026-09-09T11:23:30Z&quot;,&quot;2026-09-09T11:23:49Z&quot;,&quot;2026-09-09T11:24:04Z&quot;,&quot;2026-09-09T11:24:15Z&quot;,&quot;2026-09-09T11:24:30Z&quot;,&quot;2026-09-09T11:25:38Z&quot;,&quot;2026-09-09T11:25:46Z&quot;,&quot;2026-09-09T11:25:54Z&quot;,&quot;2026-09-09T11:26:01Z&quot;,&quot;2026-09-09T11:26:07Z&quot;,&quot;2026-09-09T11:26:14Z&quot;,&quot;2026-09-09T11:26:22Z&quot;,&quot;2026-09-09T11:26:33Z&quot;,&quot;2026-09-09T11:26:43Z&quot;,&quot;2026-09-09T11:26:55Z&quot;,&quot;2026-09-09T11:27:07Z&quot;,&quot;2026-09-09T11:27:16Z&quot;,&quot;2026-09-09T11:27:26Z&quot;,&quot;2026-09-09T11:27:35Z&quot;,&quot;2026-09-09T11:27:44Z&quot;,&quot;2026-09-09T11:27:51Z&quot;,&quot;2026-09-09T11:27:59Z&quot;,&quot;2026-09-09T11:28:09Z&quot;,&quot;2026-09-09T11:28:18Z&quot;,&quot;2026-09-09T11:28:26Z&quot;,&quot;2026-09-09T11:28:34Z&quot;,&quot;2026-09-09T11:28:46Z&quot;,&quot;2026-09-09T11:28:56Z&quot;,&quot;2026-09-09T11:29:10Z&quot;,&quot;2026-09-09T11:29:19Z&quot;,&quot;2026-09-09T11:29:26Z&quot;,&quot;2026-09-09T11:29:36Z&quot;,&quot;2026-09-09T11:29:46Z&quot;,&quot;2026-09-09T11:30:02Z&quot;,&quot;2026-09-09T11:30:13Z&quot;,&quot;2026-09-09T11:30:21Z&quot;,&quot;2026-09-09T11:30:28Z&quot;,&quot;2026-09-09T11:30:35Z&quot;,&quot;2026-09-09T11:30:43Z&quot;,&quot;2026-09-09T11:30:59Z&quot;,&quot;2026-09-09T11:31:17Z&quot;,&quot;2026-09-09T11:31:31Z&quot;,&quot;2026-09-09T11:31:42Z&quot;,&quot;2026-09-09T11:31:49Z&quot;,&quot;2026-09-09T11:31:56Z&quot;,&quot;2026-09-09T11:32:02Z&quot;,&quot;2026-09-09T11:32:08Z&quot;,&quot;2026-09-09T11:32:14Z&quot;,&quot;2026-09-09T11:32:20Z&quot;,&quot;2026-09-09T11:32:26Z&quot;,&quot;2026-09-09T11:32:34Z&quot;,&quot;2026-09-09T11:32:57Z&quot;,&quot;2026-09-09T11:33:13Z&quot;,&quot;2026-09-09T11:33:23Z&quot;,&quot;2026-09-09T11:33:30Z&quot;,&quot;2026-09-09T11:33:37Z&quot;,&quot;2026-09-09T11:33:46Z&quot;,&quot;2026-09-09T11:33:55Z&quot;,&quot;2026-09-09T11:34:04Z&quot;,&quot;2026-09-09T11:34:12Z&quot;,&quot;2026-09-09T11:34:20Z&quot;,&quot;2026-09-09T11:34:29Z&quot;,&quot;2026-09-09T11:34:37Z&quot;,&quot;2026-09-09T11:34:45Z&quot;,&quot;2026-09-09T11:34:53Z&quot;,&quot;2026-09-09T11:35:01Z&quot;,&quot;2026-09-09T11:35:13Z&quot;,&quot;2026-09-09T11:35:23Z&quot;,&quot;2026-09-09T11:35:31Z&quot;,&quot;2026-09-09T11:35:38Z&quot;,&quot;2026-09-09T11:35:45Z&quot;,&quot;2026-09-09T11:35:52Z&quot;,&quot;2026-09-09T11:35:58Z&quot;,&quot;2026-09-09T11:36:04Z&quot;,&quot;2026-09-09T11:36:12Z&quot;,&quot;2026-09-09T11:36:23Z&quot;,&quot;2026-09-09T11:36:32Z&quot;,&quot;2026-09-09T11:36:40Z&quot;,&quot;2026-09-09T11:36:46Z&quot;,&quot;2026-09-09T11:36:52Z&quot;,&quot;2026-09-09T11:36:58Z&quot;,&quot;2026-09-09T11:37:04Z&quot;,&quot;2026-09-09T11:37:12Z&quot;,&quot;2026-09-09T11:37:20Z&quot;,&quot;2026-09-09T11:37:30Z&quot;,&quot;2026-09-09T11:37:49Z&quot;,&quot;2026-09-09T11:37:56Z&quot;,&quot;2026-09-09T11:38:04Z&quot;,&quot;2026-09-09T11:38:11Z&quot;,&quot;2026-09-09T11:38:19Z&quot;,&quot;2026-09-09T11:38:45Z&quot;,&quot;2026-09-09T11:38:54Z&quot;,&quot;2026-09-09T11:39:01Z&quot;,&quot;2026-09-09T11:39:08Z&quot;,&quot;2026-09-09T11:39:16Z&quot;,&quot;2026-09-09T11:39:26Z&quot;,&quot;2026-09-09T11:39:36Z&quot;,&quot;2026-09-09T11:39:47Z&quot;,&quot;2026-09-09T11:39:55Z&quot;,&quot;2026-09-09T11:40:02Z&quot;,&quot;2026-09-09T11:40:08Z&quot;,&quot;2026-09-09T11:40:16Z&quot;,&quot;2026-09-09T11:40:24Z&quot;,&quot;2026-09-09T11:40:32Z&quot;,&quot;2026-09-09T11:40:39Z&quot;,&quot;2026-09-09T11:40:47Z&quot;,&quot;2026-09-09T11:40:56Z&quot;,&quot;2026-09-09T11:41:03Z&quot;,&quot;2026-09-09T11:41:10Z&quot;,&quot;2026-09-09T11:41:17Z&quot;,&quot;2026-09-09T11:41:24Z&quot;,&quot;2026-09-09T11:41:31Z&quot;,&quot;2026-09-09T11:41:38Z&quot;,&quot;2026-09-09T11:41:45Z&quot;,&quot;2026-09-09T11:41:53Z&quot;,&quot;2026-09-09T11:42:00Z&quot;,&quot;2026-09-09T11:42:08Z&quot;,&quot;2026-09-09T11:42:14Z&quot;,&quot;2026-09-09T11:42:21Z&quot;,&quot;2026-09-09T11:42:29Z&quot;,&quot;2026-09-09T11:42:36Z&quot;,&quot;2026-09-09T11:42:44Z&quot;,&quot;2026-09-09T11:42:51Z&quot;,&quot;2026-09-09T11:42:57Z&quot;,&quot;2026-09-09T11:43:03Z&quot;,&quot;2026-09-09T11:43:09Z&quot;,&quot;2026-09-09T11:43:15Z&quot;,&quot;2026-09-09T11:43:22Z&quot;,&quot;2026-09-09T11:43:29Z&quot;,&quot;2026-09-09T11:43:38Z&quot;,&quot;2026-09-09T11:43:45Z&quot;,&quot;2026-09-09T11:43:51Z&quot;,&quot;2026-09-09T11:43:57Z&quot;,&quot;2026-09-09T11:44:04Z&quot;,&quot;2026-09-09T11:44:11Z&quot;,&quot;2026-09-09T11:44:18Z&quot;,&quot;2026-09-09T11:44:25Z&quot;,&quot;2026-09-09T11:44:31Z&quot;,&quot;2026-09-09T11:44:37Z&quot;,&quot;2026-09-09T11:44:44Z&quot;,&quot;2026-09-09T11:44:51Z&quot;,&quot;2026-09-09T11:44:57Z&quot;,&quot;2026-09-09T11:45:03Z&quot;,&quot;2026-09-09T11:45:12Z&quot;,&quot;2026-09-09T11:45:21Z&quot;,&quot;2026-09-09T11:45:29Z&quot;,&quot;2026-09-09T11:45:36Z&quot;,&quot;2026-09-09T11:45:42Z&quot;,&quot;2026-09-09T11:45:48Z&quot;,&quot;2026-09-09T11:45:55Z&quot;,&quot;2026-09-09T11:46:02Z&quot;,&quot;2026-09-09T11:46:08Z&quot;,&quot;2026-09-09T11:46:15Z&quot;,&quot;2026-09-09T11:46:23Z&quot;,&quot;2026-09-09T11:46:32Z&quot;,&quot;2026-09-09T11:46:43Z&quot;,&quot;2026-09-09T11:46:51Z&quot;,&quot;2026-09-09T11:46:57Z&quot;,&quot;2026-09-09T11:47:03Z&quot;,&quot;2026-09-09T11:47:10Z&quot;,&quot;2026-09-09T11:47:16Z&quot;,&quot;2026-09-09T11:47:24Z&quot;,&quot;2026-09-09T11:47:34Z&quot;,&quot;2026-09-09T11:47:44Z&quot;,&quot;2026-09-09T11:48:01Z&quot;,&quot;2026-09-09T11:48:12Z&quot;,&quot;2026-09-09T11:48:24Z&quot;,&quot;2026-09-09T11:48:35Z&quot;,&quot;2026-09-09T11:48:46Z&quot;,&quot;2026-09-09T11:48:57Z&quot;,&quot;2026-09-09T11:49:09Z&quot;,&quot;2026-09-09T11:49:22Z&quot;,&quot;2026-09-09T11:49:39Z&quot;,&quot;2026-09-09T11:49:57Z&quot;,&quot;2026-09-09T11:50:06Z&quot;,&quot;2026-09-09T11:50:14Z&quot;,&quot;2026-09-09T11:50:24Z&quot;,&quot;2026-09-09T11:50:37Z&quot;,&quot;2026-09-09T11:50:48Z&quot;,&quot;2026-09-09T11:51:01Z&quot;,&quot;2026-09-09T11:51:13Z&quot;,&quot;2026-09-09T11:51:27Z&quot;,&quot;2026-09-09T11:51:41Z&quot;,&quot;2026-09-09T11:51:58Z&quot;,&quot;2026-09-09T11:52:09Z&quot;,&quot;2026-09-09T11:52:19Z&quot;,&quot;2026-09-09T11:52:25Z&quot;,&quot;2026-09-09T11:52:31Z&quot;,&quot;2026-09-09T11:52:39Z&quot;,&quot;2026-09-09T11:52:50Z&quot;,&quot;2026-09-09T11:53:01Z&quot;,&quot;2026-09-09T11:53:12Z&quot;,&quot;2026-09-09T11:53:24Z&quot;,&quot;2026-09-09T11:53:33Z&quot;,&quot;2026-09-09T11:53:41Z&quot;,&quot;2026-09-09T11:54:00Z&quot;,&quot;2026-09-09T11:54:32Z&quot;,&quot;2026-09-09T11:54:38Z&quot;,&quot;2026-09-09T11:54:50Z&quot;,&quot;2026-09-09T11:55:02Z&quot;,&quot;2026-09-09T11:55:20Z&quot;,&quot;2026-09-09T11:55:35Z&quot;,&quot;2026-09-09T11:56:02Z&quot;,&quot;2026-09-09T11:56:15Z&quot;,&quot;2026-09-09T11:56:23Z&quot;,&quot;2026-09-09T11:56:34Z&quot;,&quot;2026-09-09T11:56:44Z&quot;,&quot;2026-09-09T11:56:51Z&quot;,&quot;2026-09-09T11:56:58Z&quot;,&quot;2026-09-09T11:57:07Z&quot;,&quot;2026-09-09T11:57:18Z&quot;,&quot;2026-09-09T11:57:28Z&quot;,&quot;2026-09-09T11:57:38Z&quot;,&quot;2026-09-09T11:57:52Z&quot;,&quot;2026-09-09T11:58:00Z&quot;,&quot;2026-09-09T11:58:07Z&quot;,&quot;2026-09-09T11:58:16Z&quot;,&quot;2026-09-09T11:58:31Z&quot;,&quot;2026-09-09T11:58:43Z&quot;,&quot;2026-09-09T11:58:54Z&quot;,&quot;2026-09-09T11:59:05Z&quot;,&quot;2026-09-09T11:59:16Z&quot;,&quot;2026-09-09T11:59:27Z&quot;,&quot;2026-09-09T11:59:37Z&quot;,&quot;2026-09-09T11:59:55Z&quot;,&quot;2026-09-09T12:00:22Z&quot;,&quot;2026-09-09T12:00:31Z&quot;,&quot;2026-09-09T12:00:41Z&quot;,&quot;2026-09-09T12:00:50Z&quot;,&quot;2026-09-09T12:00:58Z&quot;,&quot;2026-09-09T12:01:05Z&quot;,&quot;2026-09-09T12:01:12Z&quot;,&quot;2026-09-09T12:01:19Z&quot;,&quot;2026-09-09T12:01:25Z&quot;,&quot;2026-09-09T12:01:31Z&quot;,&quot;2026-09-09T12:01:37Z&quot;,&quot;2026-09-09T12:01:45Z&quot;,&quot;2026-09-09T12:01:53Z&quot;,&quot;2026-09-09T12:02:05Z&quot;,&quot;2026-09-09T12:02:13Z&quot;,&quot;2026-09-09T12:02:22Z&quot;,&quot;2026-09-09T12:02:50Z&quot;,&quot;2026-09-09T12:03:14Z&quot;,&quot;2026-09-09T12:03:18Z&quot;,&quot;2026-09-09T12:03:50Z&quot;,&quot;2026-09-09T12:04:09Z&quot;,&quot;2026-09-09T12:04:18Z&quot;,&quot;2026-09-09T12:04:33Z&quot;,&quot;2026-09-09T12:05:06Z&quot;,&quot;2026-09-09T12:05:16Z&quot;,&quot;2026-09-09T12:05:28Z&quot;,&quot;2026-09-09T12:05:40Z&quot;,&quot;2026-09-09T12:06:03Z&quot;,&quot;2026-09-09T12:06:18Z&quot;,&quot;2026-09-09T12:06:46Z&quot;,&quot;2026-09-09T12:06:53Z&quot;,&quot;2026-09-09T12:07:03Z&quot;,&quot;2026-09-09T12:07:20Z&quot;,&quot;2026-09-09T12:07:46Z&quot;,&quot;2026-09-09T12:07:58Z&quot;,&quot;2026-09-09T12:08:10Z&quot;,&quot;2026-09-09T12:08:35Z&quot;,&quot;2026-09-09T12:08:45Z&quot;,&quot;2026-09-09T12:08:54Z&quot;,&quot;2026-09-09T12:09:04Z&quot;,&quot;2026-09-09T12:09:21Z&quot;,&quot;2026-09-09T12:09:32Z&quot;,&quot;2026-09-09T12:09:45Z&quot;,&quot;2026-09-09T12:09:59Z&quot;,&quot;2026-09-09T12:10:12Z&quot;,&quot;2026-09-09T12:10:34Z&quot;,&quot;2026-09-09T12:10:44Z&quot;,&quot;2026-09-09T12:10:55Z&quot;,&quot;2026-09-09T12:11:22Z&quot;,&quot;2026-09-09T12:11:30Z&quot;,&quot;2026-09-09T12:11:41Z&quot;,&quot;2026-09-09T12:12:22Z&quot;,&quot;2026-09-09T12:12:27Z&quot;,&quot;2026-09-09T12:12:38Z&quot;,&quot;2026-09-09T12:12:50Z&quot;,&quot;2026-09-09T12:13:00Z&quot;,&quot;2026-09-09T12:13:11Z&quot;,&quot;2026-09-09T12:13:21Z&quot;,&quot;2026-09-09T12:13:29Z&quot;,&quot;2026-09-09T12:13:36Z&quot;,&quot;2026-09-09T12:13:43Z&quot;,&quot;2026-09-09T12:13:50Z&quot;,&quot;2026-09-09T12:13:58Z&quot;,&quot;2026-09-09T12:14:05Z&quot;,&quot;2026-09-09T12:14:12Z&quot;,&quot;2026-09-09T12:14:17Z&quot;,&quot;2026-09-09T12:14:23Z&quot;,&quot;2026-09-09T12:14:28Z&quot;,&quot;2026-09-09T12:14:33Z&quot;,&quot;2026-09-09T12:14:38Z&quot;,&quot;2026-09-09T12:14:44Z&quot;,&quot;2026-09-09T12:14:50Z&quot;,&quot;2026-09-09T12:14:55Z&quot;,&quot;2026-09-09T12:15:00Z&quot;,&quot;2026-09-09T12:15:06Z&quot;,&quot;2026-09-09T12:15:12Z&quot;,&quot;2026-09-09T12:15:19Z&quot;,&quot;2026-09-09T12:15:29Z&quot;,&quot;2026-09-09T12:15:35Z&quot;,&quot;2026-09-09T12:15:40Z&quot;,&quot;2026-09-09T12:15:47Z&quot;,&quot;2026-09-09T12:15:54Z&quot;,&quot;2026-09-09T12:16:01Z&quot;,&quot;2026-09-09T12:16:10Z&quot;,&quot;2026-09-09T12:16:26Z&quot;,&quot;2026-09-09T12:16:33Z&quot;,&quot;2026-09-09T12:16:39Z&quot;,&quot;2026-09-09T12:16:44Z&quot;,&quot;2026-09-09T12:16:54Z&quot;,&quot;2026-09-09T12:17:08Z&quot;,&quot;2026-09-09T12:17:33Z&quot;,&quot;2026-09-09T12:17:47Z&quot;,&quot;2026-09-09T12:18:26Z&quot;,&quot;2026-09-09T12:18:49Z&quot;,&quot;2026-09-09T12:19:17Z&quot;,&quot;2026-09-09T12:19:40Z&quot;,&quot;2026-09-09T12:19:44Z&quot;,&quot;2026-09-09T12:19:52Z&quot;,&quot;2026-09-09T12:20:15Z&quot;,&quot;2026-09-09T12:20:25Z&quot;,&quot;2026-09-09T12:20:34Z&quot;,&quot;2026-09-09T12:20:46Z&quot;,&quot;2026-09-09T12:21:01Z&quot;,&quot;2026-09-09T12:21:12Z&quot;,&quot;2026-09-09T12:21:22Z&quot;,&quot;2026-09-09T12:21:34Z&quot;,&quot;2026-09-09T12:21:50Z&quot;,&quot;2026-09-09T12:22:03Z&quot;,&quot;2026-09-09T12:22:14Z&quot;,&quot;2026-09-09T12:22:28Z&quot;,&quot;2026-09-09T12:22:38Z&quot;,&quot;2026-09-09T12:22:48Z&quot;,&quot;2026-09-09T12:22:57Z&quot;,&quot;2026-09-09T12:23:06Z&quot;,&quot;2026-09-09T12:23:26Z&quot;,&quot;2026-09-09T12:23:36Z&quot;,&quot;2026-09-09T12:23:47Z&quot;,&quot;2026-09-09T12:23:59Z&quot;,&quot;2026-09-09T12:24:09Z&quot;,&quot;2026-09-09T12:24:17Z&quot;,&quot;2026-09-09T12:24:26Z&quot;,&quot;2026-09-09T12:24:35Z&quot;,&quot;2026-09-09T12:24:44Z&quot;,&quot;2026-09-09T12:24:52Z&quot;,&quot;2026-09-09T12:25:01Z&quot;,&quot;2026-09-09T12:25:10Z&quot;,&quot;2026-09-09T12:25:20Z&quot;,&quot;2026-09-09T12:25:32Z&quot;,&quot;2026-09-09T12:25:44Z&quot;,&quot;2026-09-09T12:25:56Z&quot;,&quot;2026-09-09T12:26:11Z&quot;,&quot;2026-09-09T12:26:35Z&quot;,&quot;2026-09-09T12:26:44Z&quot;,&quot;2026-09-09T12:26:57Z&quot;,&quot;2026-09-09T12:27:08Z&quot;,&quot;2026-09-09T12:27:33Z&quot;,&quot;2026-09-09T12:27:43Z&quot;,&quot;2026-09-09T12:27:59Z&quot;,&quot;2026-09-09T12:28:10Z&quot;,&quot;2026-09-09T12:28:21Z&quot;,&quot;2026-09-09T12:28:32Z&quot;,&quot;2026-09-09T12:28:40Z&quot;,&quot;2026-09-09T12:28:49Z&quot;,&quot;2026-09-09T12:29:01Z&quot;,&quot;2026-09-09T12:29:12Z&quot;,&quot;2026-09-09T12:29:31Z&quot;,&quot;2026-09-09T12:29:40Z&quot;,&quot;2026-09-09T12:29:51Z&quot;,&quot;2026-09-09T12:29:59Z&quot;,&quot;2026-09-09T12:30:07Z&quot;,&quot;2026-09-09T12:30:19Z&quot;,&quot;2026-09-09T12:30:31Z&quot;,&quot;2026-09-09T12:30:39Z&quot;,&quot;2026-09-09T12:30:45Z&quot;,&quot;2026-09-09T12:30:52Z&quot;,&quot;2026-09-09T12:30:59Z&quot;,&quot;2026-09-09T12:31:06Z&quot;,&quot;2026-09-09T12:31:12Z&quot;,&quot;2026-09-09T12:31:19Z&quot;,&quot;2026-09-09T12:31:28Z&quot;,&quot;2026-09-09T12:31:36Z&quot;,&quot;2026-09-09T12:31:44Z&quot;,&quot;2026-09-09T12:31:52Z&quot;,&quot;2026-09-09T12:32:01Z&quot;,&quot;2026-09-09T12:32:10Z&quot;,&quot;2026-09-09T12:32:17Z&quot;,&quot;2026-09-09T12:32:24Z&quot;,&quot;2026-09-09T12:32:33Z&quot;,&quot;2026-09-09T12:32:42Z&quot;,&quot;2026-09-09T12:32:49Z&quot;,&quot;2026-09-09T12:32:56Z&quot;,&quot;2026-09-09T12:33:04Z&quot;,&quot;2026-09-09T12:33:11Z&quot;,&quot;2026-09-09T12:33:17Z&quot;,&quot;2026-09-09T12:33:23Z&quot;,&quot;2026-09-09T12:33:30Z&quot;,&quot;2026-09-09T12:33:38Z&quot;,&quot;2026-09-09T12:33:44Z&quot;,&quot;2026-09-09T12:33:52Z&quot;,&quot;2026-09-09T12:33:59Z&quot;,&quot;2026-09-09T12:34:31Z&quot;,&quot;2026-09-09T12:34:38Z&quot;,&quot;2026-09-09T12:34:53Z&quot;,&quot;2026-09-09T12:35:01Z&quot;,&quot;2026-09-09T12:35:08Z&quot;,&quot;2026-09-09T12:35:14Z&quot;,&quot;2026-09-09T12:35:20Z&quot;,&quot;2026-09-09T12:35:26Z&quot;,&quot;2026-09-09T12:35:32Z&quot;,&quot;2026-09-09T12:35:41Z&quot;,&quot;2026-09-09T12:36:06Z&quot;,&quot;2026-09-09T12:36:14Z&quot;,&quot;2026-09-09T12:36:22Z&quot;,&quot;2026-09-09T12:36:28Z&quot;,&quot;2026-09-09T12:36:37Z&quot;,&quot;2026-09-09T12:37:03Z&quot;,&quot;2026-09-09T12:37:16Z&quot;,&quot;2026-09-09T12:37:32Z&quot;,&quot;2026-09-09T12:37:43Z&quot;,&quot;2026-09-09T12:38:00Z&quot;,&quot;2026-09-09T12:38:11Z&quot;,&quot;2026-09-09T12:38:32Z&quot;,&quot;2026-09-09T12:38:44Z&quot;,&quot;2026-09-09T12:38:52Z&quot;,&quot;2026-09-09T12:38:58Z&quot;,&quot;2026-09-09T12:39:04Z&quot;,&quot;2026-09-09T12:39:10Z&quot;,&quot;2026-09-09T12:39:16Z&quot;,&quot;2026-09-09T12:39:25Z&quot;,&quot;2026-09-09T12:39:33Z&quot;,&quot;2026-09-09T12:39:45Z&quot;,&quot;2026-09-09T12:39:54Z&quot;,&quot;2026-09-09T12:40:03Z&quot;,&quot;2026-09-09T12:40:11Z&quot;,&quot;2026-09-09T12:40:20Z&quot;,&quot;2026-09-09T12:40:30Z&quot;,&quot;2026-09-09T12:40:38Z&quot;,&quot;2026-09-09T12:40:46Z&quot;,&quot;2026-09-09T12:40:55Z&quot;,&quot;2026-09-09T12:41:05Z&quot;,&quot;2026-09-09T12:41:13Z&quot;,&quot;2026-09-09T12:41:22Z&quot;,&quot;2026-09-09T12:41:41Z&quot;,&quot;2026-09-09T12:41:47Z&quot;,&quot;2026-09-09T12:41:52Z&quot;,&quot;2026-09-09T12:42:00Z&quot;,&quot;2026-09-09T12:42:08Z&quot;,&quot;2026-09-09T12:42:16Z&quot;,&quot;2026-09-09T12:42:24Z&quot;,&quot;2026-09-09T12:42:31Z&quot;,&quot;2026-09-09T12:42:37Z&quot;,&quot;2026-09-09T12:42:44Z&quot;,&quot;2026-09-09T12:42:50Z&quot;,&quot;2026-09-09T12:42:57Z&quot;,&quot;2026-09-09T12:43:04Z&quot;,&quot;2026-09-09T12:43:12Z&quot;,&quot;2026-09-09T12:43:18Z&quot;,&quot;2026-09-09T12:43:24Z&quot;,&quot;2026-09-09T12:43:30Z&quot;,&quot;2026-09-09T12:43:37Z&quot;,&quot;2026-09-09T12:43:43Z&quot;,&quot;2026-09-09T12:43:49Z&quot;,&quot;2026-09-09T12:43:54Z&quot;,&quot;2026-09-09T12:44:00Z&quot;,&quot;2026-09-09T12:44:07Z&quot;,&quot;2026-09-09T12:44:14Z&quot;,&quot;2026-09-09T12:44:21Z&quot;,&quot;2026-09-09T12:44:27Z&quot;,&quot;2026-09-09T12:44:34Z&quot;,&quot;2026-09-09T12:44:41Z&quot;,&quot;2026-09-09T12:44:48Z&quot;,&quot;2026-09-09T12:44:54Z&quot;,&quot;2026-09-09T12:45:00Z&quot;,&quot;2026-09-09T12:45:06Z&quot;,&quot;2026-09-09T12:45:12Z&quot;,&quot;2026-09-09T12:45:19Z&quot;,&quot;2026-09-09T12:45:24Z&quot;,&quot;2026-09-09T12:45:30Z&quot;,&quot;2026-09-09T12:45:43Z&quot;,&quot;2026-09-09T12:45:49Z&quot;,&quot;2026-09-09T12:45:55Z&quot;,&quot;2026-09-09T12:46:00Z&quot;,&quot;2026-09-09T12:46:05Z&quot;,&quot;2026-09-09T12:46:11Z&quot;,&quot;2026-09-09T12:46:17Z&quot;,&quot;2026-09-09T12:46:22Z&quot;,&quot;2026-09-09T12:46:28Z&quot;,&quot;2026-09-09T12:46:35Z&quot;,&quot;2026-09-09T12:46:40Z&quot;,&quot;2026-09-09T12:46:45Z&quot;,&quot;2026-09-09T12:46:51Z&quot;,&quot;2026-09-09T12:46:57Z&quot;,&quot;2026-09-09T12:47:03Z&quot;,&quot;2026-09-09T12:47:10Z&quot;,&quot;2026-09-09T12:47:17Z&quot;,&quot;2026-09-09T12:47:23Z&quot;,&quot;2026-09-09T12:47:29Z&quot;,&quot;2026-09-09T12:47:36Z&quot;,&quot;2026-09-09T12:47:51Z&quot;,&quot;2026-09-09T12:48:02Z&quot;,&quot;2026-09-09T12:48:11Z&quot;,&quot;2026-09-09T12:48:19Z&quot;,&quot;2026-09-09T12:48:32Z&quot;,&quot;2026-09-09T12:50:09Z&quot;,&quot;2026-09-09T12:50:19Z&quot;,&quot;2026-09-09T12:58:41Z&quot;,&quot;2026-09-09T12:58:51Z&quot;,&quot;2026-09-09T12:59:01Z&quot;,&quot;2026-09-09T12:59:11Z&quot;,&quot;2026-09-09T12:59:24Z&quot;,&quot;2026-09-09T12:59:35Z&quot;,&quot;2026-09-09T13:00:08Z&quot;,&quot;2026-09-09T13:00:18Z&quot;,&quot;2026-09-09T13:00:31Z&quot;,&quot;2026-09-09T13:00:44Z&quot;,&quot;2026-09-09T13:01:01Z&quot;,&quot;2026-09-09T13:01:20Z&quot;,&quot;2026-09-09T13:02:11Z&quot;,&quot;2026-09-09T13:02:20Z&quot;,&quot;2026-09-09T13:02:45Z&quot;,&quot;2026-09-09T13:03:08Z&quot;,&quot;2026-09-09T13:03:36Z&quot;,&quot;2026-09-09T13:04:08Z&quot;,&quot;2026-09-09T13:04:47Z&quot;,&quot;2026-09-09T13:04:54Z&quot;,&quot;2026-09-09T13:05:48Z&quot;,&quot;2026-09-09T13:06:23Z&quot;,&quot;2026-09-09T13:07:29Z&quot;,&quot;2026-09-09T13:08:43Z&quot;,&quot;2026-09-09T13:08:57Z&quot;,&quot;2026-09-09T13:09:48Z&quot;,&quot;2026-09-09T13:10:58Z&quot;,&quot;2026-09-09T13:11:05Z&quot;,&quot;2026-09-09T13:11:10Z&quot;,&quot;2026-09-09T13:11:57Z&quot;,&quot;2026-09-09T13:12:44Z&quot;,&quot;2026-09-09T13:14:05Z&quot;,&quot;2026-09-09T13:14:32Z&quot;,&quot;2026-09-09T13:15:05Z&quot;,&quot;2026-09-09T13:15:30Z&quot;,&quot;2026-09-09T13:15:59Z&quot;,&quot;2026-09-09T13:16:22Z&quot;,&quot;2026-09-09T13:16:33Z&quot;,&quot;2026-09-09T13:16:56Z&quot;,&quot;2026-09-09T13:17:34Z&quot;,&quot;2026-09-09T13:17:52Z&quot;,&quot;2026-09-09T13:18:24Z&quot;,&quot;2026-09-09T13:19:31Z&quot;,&quot;2026-09-09T13:19:34Z&quot;,&quot;2026-09-09T13:20:11Z&quot;,&quot;2026-09-09T13:20:40Z&quot;,&quot;2026-09-09T13:21:08Z&quot;,&quot;2026-09-09T13:21:55Z&quot;,&quot;2026-09-09T13:22:22Z&quot;,&quot;2026-09-09T13:22:44Z&quot;,&quot;2026-09-09T13:22:53Z&quot;,&quot;2026-09-09T13:24:31Z&quot;,&quot;2026-09-09T13:24:43Z&quot;,&quot;2026-09-09T13:51:06Z&quot;,&quot;2026-09-09T13:51:22Z&quot;,&quot;2026-09-09T13:52:20Z&quot;,&quot;2026-09-09T13:53:00Z&quot;,&quot;2026-09-09T13:54:01Z&quot;,&quot;2026-09-09T13:54:19Z&quot;,&quot;2026-09-09T13:54:25Z&quot;,&quot;2026-09-09T13:54:44Z&quot;,&quot;2026-09-09T13:55:25Z&quot;,&quot;2026-09-09T13:55:46Z&quot;,&quot;2026-09-09T13:55:56Z&quot;,&quot;2026-09-09T13:56:06Z&quot;,&quot;2026-09-09T13:56:17Z&quot;,&quot;2026-09-09T13:57:02Z&quot;,&quot;2026-09-09T14:00:36Z&quot;,&quot;2026-09-09T14:04:13Z&quot;,&quot;2026-09-09T14:04:17Z&quot;,&quot;2026-09-09T14:05:46Z&quot;,&quot;2026-09-09T14:06:30Z&quot;,&quot;2026-09-09T14:20:00Z&quot;,&quot;2026-09-09T14:25:54Z&quot;,&quot;2026-09-09T14:26:09Z&quot;,&quot;2026-09-09T14:31:00Z&quot;,&quot;2026-09-09T14:32:37Z&quot;,&quot;2026-09-09T14:34:16Z&quot;,&quot;2026-09-09T14:40:20Z&quot;,&quot;2026-09-09T14:40:26Z&quot;,&quot;2026-09-09T14:40:39Z&quot;,&quot;2026-09-09T14:47:16Z&quot;,&quot;2026-09-09T14:48:00Z&quot;,&quot;2026-09-09T15:19:24Z&quot;,&quot;2026-09-09T15:19:54Z&quot;,&quot;2026-09-09T15:33:10Z&quot;,&quot;2026-09-09T15:33:35Z&quot;,&quot;2026-09-09T15:36:08Z&quot;,&quot;2026-09-09T15:38:29Z&quot;,&quot;2026-09-09T15:45:37Z&quot;,&quot;2026-09-09T15:46:06Z&quot;,&quot;2026-09-09T15:49:14Z&quot;,&quot;2026-09-09T16:22:39Z&quot;,&quot;2026-09-09T16:23:18Z&quot;,&quot;2026-09-09T16:23:59Z&quot;,&quot;2026-09-09T16:24:12Z&quot;,&quot;2026-09-09T16:24:56Z&quot;,&quot;2026-09-09T16:26:13Z&quot;,&quot;2026-09-09T16:36:30Z&quot;,&quot;2026-09-09T17:04:38Z&quot;,&quot;2026-09-09T17:06:46Z&quot;,&quot;2026-09-09T17:06:50Z&quot;,&quot;2026-09-09T17:07:29Z&quot;,&quot;2026-09-09T17:07:40Z&quot;,&quot;2026-09-09T17:08:16Z&quot;,&quot;2026-09-09T17:09:33Z&quot;,&quot;2026-09-09T17:11:17Z&quot;,&quot;2026-09-09T17:37:35Z&quot;,&quot;2026-09-09T17:39:58Z&quot;,&quot;2026-09-09T18:09:43Z&quot;,&quot;2026-09-09T18:17:03Z&quot;,&quot;2026-09-09T18:17:57Z&quot;,&quot;2026-09-09T18:18:38Z&quot;,&quot;2026-09-09T18:20:08Z&quot;,&quot;2026-09-09T18:20:22Z&quot;,&quot;2026-09-09T18:21:14Z&quot;,&quot;2026-09-09T18:23:08Z&quot;,&quot;2026-09-09T18:23:24Z&quot;,&quot;2026-09-09T18:23:32Z&quot;,&quot;2026-09-09T18:23:42Z&quot;,&quot;2026-09-09T18:24:26Z&quot;,&quot;2026-09-09T18:25:49Z&quot;,&quot;2026-09-09T18:26:01Z&quot;,&quot;2026-09-09T18:26:30Z&quot;,&quot;2026-09-09T18:27:37Z&quot;,&quot;2026-09-09T18:28:09Z&quot;,&quot;2026-09-09T18:28:17Z&quot;,&quot;2026-09-09T18:28:25Z&quot;,&quot;2026-09-09T18:28:32Z&quot;,&quot;2026-09-09T18:31:32Z&quot;,&quot;2026-09-09T18:31:40Z&quot;,&quot;2026-09-09T18:31:49Z&quot;,&quot;2026-09-09T18:31:59Z&quot;,&quot;2026-09-09T18:34:33Z&quot;,&quot;2026-09-09T18:36:20Z&quot;,&quot;2026-09-09T18:45:05Z&quot;,&quot;2026-09-09T18:45:12Z&quot;,&quot;2026-09-09T18:48:00Z&quot;,&quot;2026-09-09T19:18:21Z&quot;,&quot;2026-09-09T19:19:19Z&quot;,&quot;2026-09-09T19:20:35Z&quot;,&quot;2026-09-09T19:36:35Z&quot;,&quot;2026-09-09T19:41:46Z&quot;,&quot;2026-09-09T20:49:12Z&quot;,&quot;2026-09-09T21:28:04Z&quot;,&quot;2026-09-09T21:29:37Z&quot;,&quot;2026-09-09T21:40:55Z&quot;,&quot;2026-09-09T21:41:34Z&quot;,&quot;2026-09-09T21:44:34Z&quot;,&quot;2026-09-09T21:55:07Z&quot;,&quot;2026-09-09T21:55:31Z&quot;,&quot;2026-09-09T21:55:38Z&quot;,&quot;2026-09-09T21:57:20Z&quot;,&quot;2026-09-09T21:57:35Z&quot;,&quot;2026-09-09T22:16:04Z&quot;,&quot;2026-09-09T22:16:14Z&quot;,&quot;2026-09-09T22:16:41Z&quot;,&quot;2026-09-09T22:16:52Z&quot;,&quot;2026-09-09T22:17:30Z&quot;,&quot;2026-09-09T22:39:12Z&quot;,&quot;2026-09-09T22:49:41Z&quot;,&quot;2026-09-09T22:50:03Z&quot;,&quot;2026-09-09T22:50:16Z&quot;,&quot;2026-09-09T22:50:36Z&quot;,&quot;2026-09-09T22:50:44Z&quot;,&quot;2026-09-09T22:51:00Z&quot;,&quot;2026-09-09T23:04:10Z&quot;,&quot;2026-09-09T23:16:14Z&quot;,&quot;2026-09-09T23:16:20Z&quot;,&quot;2026-09-09T23:17:42Z&quot;,&quot;2026-09-09T23:17:52Z&quot;,&quot;2026-09-09T23:18:02Z&quot;,&quot;2026-09-09T23:18:16Z&quot;,&quot;2026-09-09T23:29:28Z&quot;,&quot;2026-09-09T23:29:46Z&quot;,&quot;2026-09-09T23:29:55Z&quot;,&quot;2026-09-09T23:30:04Z&quot;,&quot;2026-09-09T23:30:47Z&quot;,&quot;2026-09-09T23:34:17Z&quot;,&quot;2026-09-09T23:34:25Z&quot;,&quot;2026-09-09T23:34:34Z&quot;,&quot;2026-09-09T23:34:44Z&quot;,&quot;2026-09-09T23:34:52Z&quot;,&quot;2026-09-09T23:35:04Z&quot;,&quot;2026-09-09T23:37:32Z&quot;,&quot;2026-09-09T23:37:42Z&quot;,&quot;2026-09-09T23:38:01Z&quot;,&quot;2026-09-09T23:38:42Z&quot;,&quot;2026-09-09T23:38:59Z&quot;,&quot;2026-09-09T23:39:11Z&quot;,&quot;2026-09-09T23:39:31Z&quot;,&quot;2026-09-09T23:40:03Z&quot;,&quot;2026-09-09T23:40:13Z&quot;,&quot;2026-09-09T23:40:46Z&quot;,&quot;2026-09-09T23:41:16Z&quot;,&quot;2026-09-09T23:41:28Z&quot;,&quot;2026-09-09T23:42:13Z&quot;,&quot;2026-09-09T23:42:59Z&quot;,&quot;2026-09-09T23:43:13Z&quot;,&quot;2026-09-09T23:43:32Z&quot;,&quot;2026-09-09T23:44:13Z&quot;,&quot;2026-09-09T23:44:22Z&quot;,&quot;2026-09-09T23:44:35Z&quot;,&quot;2026-09-09T23:44:51Z&quot;,&quot;2026-09-09T23:45:07Z&quot;,&quot;2026-09-09T23:45:26Z&quot;,&quot;2026-09-09T23:45:59Z&quot;,&quot;2026-09-09T23:47:03Z&quot;,&quot;2026-09-09T23:47:20Z&quot;,&quot;2026-09-09T23:47:28Z&quot;,&quot;2026-09-09T23:47:45Z&quot;,&quot;2026-09-09T23:47:59Z&quot;,&quot;2026-09-09T23:48:05Z&quot;,&quot;2026-09-09T23:48:10Z&quot;,&quot;2026-09-09T23:48:17Z&quot;,&quot;2026-09-09T23:48:24Z&quot;,&quot;2026-09-09T23:48:30Z&quot;,&quot;2026-09-09T23:48:38Z&quot;,&quot;2026-09-09T23:48:47Z&quot;,&quot;2026-09-09T23:48:57Z&quot;,&quot;2026-09-09T23:57:00Z&quot;,&quot;2026-09-09T23:58:43Z&quot;,&quot;2026-09-10T00:00:31Z&quot;,&quot;2026-09-10T00:04:50Z&quot;,&quot;2026-09-10T00:04:58Z&quot;,&quot;2026-09-10T00:05:10Z&quot;,&quot;2026-09-10T00:13:27Z&quot;,&quot;2026-09-10T00:13:43Z&quot;,&quot;2026-09-10T00:13:51Z&quot;,&quot;2026-09-10T00:13:59Z&quot;,&quot;2026-09-10T00:14:34Z&quot;,&quot;2026-09-10T00:24:52Z&quot;,&quot;2026-09-10T00:25:02Z&quot;,&quot;2026-09-10T00:25:21Z&quot;,&quot;2026-09-10T00:25:43Z&quot;,&quot;2026-09-10T00:25:52Z&quot;,&quot;2026-09-10T00:28:03Z&quot;,&quot;2026-09-10T00:28:13Z&quot;,&quot;2026-09-10T00:28:22Z&quot;,&quot;2026-09-10T00:29:33Z&quot;,&quot;2026-09-10T00:29:55Z&quot;,&quot;2026-09-10T00:32:44Z&quot;,&quot;2026-09-10T00:35:27Z&quot;,&quot;2026-09-10T00:35:37Z&quot;,&quot;2026-09-10T00:35:48Z&quot;,&quot;2026-09-10T00:52:08Z&quot;,&quot;2026-09-10T00:52:23Z&quot;,&quot;2026-09-10T00:52:32Z&quot;,&quot;2026-09-10T00:52:48Z&quot;,&quot;2026-09-10T00:52:59Z&quot;,&quot;2026-09-10T00:53:40Z&quot;,&quot;2026-09-10T00:53:46Z&quot;,&quot;2026-09-10T00:54:03Z&quot;,&quot;2026-09-10T00:54:29Z&quot;,&quot;2026-09-10T00:54:45Z&quot;,&quot;2026-09-10T00:54:53Z&quot;,&quot;2026-09-10T00:55:03Z&quot;,&quot;2026-09-10T00:55:12Z&quot;,&quot;2026-09-10T00:55:35Z&quot;,&quot;2026-09-10T00:55:43Z&quot;,&quot;2026-09-10T00:55:49Z&quot;,&quot;2026-09-10T00:55:57Z&quot;,&quot;2026-09-10T00:56:04Z&quot;,&quot;2026-09-10T00:56:11Z&quot;,&quot;2026-09-10T00:56:17Z&quot;,&quot;2026-09-10T00:57:03Z&quot;,&quot;2026-09-10T00:57:11Z&quot;,&quot;2026-09-10T00:57:20Z&quot;,&quot;2026-09-10T00:57:27Z&quot;,&quot;2026-09-10T00:57:34Z&quot;,&quot;2026-09-10T00:57:39Z&quot;,&quot;2026-09-10T00:57:44Z&quot;,&quot;2026-09-10T00:57:49Z&quot;,&quot;2026-09-10T00:57:54Z&quot;,&quot;2026-09-10T00:57:59Z&quot;,&quot;2026-09-10T00:58:05Z&quot;,&quot;2026-09-10T00:58:11Z&quot;,&quot;2026-09-10T00:58:17Z&quot;,&quot;2026-09-10T00:58:25Z&quot;,&quot;2026-09-10T00:58:48Z&quot;,&quot;2026-09-10T00:58:58Z&quot;,&quot;2026-09-10T00:59:05Z&quot;,&quot;2026-09-10T00:59:12Z&quot;,&quot;2026-09-10T00:59:19Z&quot;,&quot;2026-09-10T00:59:24Z&quot;,&quot;2026-09-10T00:59:31Z&quot;,&quot;2026-09-10T00:59:40Z&quot;,&quot;2026-09-10T00:59:49Z&quot;,&quot;2026-09-10T01:00:03Z&quot;,&quot;2026-09-10T01:00:13Z&quot;,&quot;2026-09-10T01:00:22Z&quot;,&quot;2026-09-10T01:00:29Z&quot;,&quot;2026-09-10T01:00:40Z&quot;,&quot;2026-09-10T01:00:48Z&quot;,&quot;2026-09-10T01:00:57Z&quot;,&quot;2026-09-10T01:01:04Z&quot;,&quot;2026-09-10T01:01:10Z&quot;,&quot;2026-09-10T01:01:17Z&quot;,&quot;2026-09-10T01:01:26Z&quot;,&quot;2026-09-10T01:01:34Z&quot;,&quot;2026-09-10T01:01:41Z&quot;,&quot;2026-09-10T01:01:48Z&quot;,&quot;2026-09-10T01:01:54Z&quot;,&quot;2026-09-10T01:02:05Z&quot;,&quot;2026-09-10T01:02:12Z&quot;,&quot;2026-09-10T01:11:29Z&quot;,&quot;2026-09-10T01:12:20Z&quot;,&quot;2026-09-10T01:12:27Z&quot;,&quot;2026-09-10T01:12:34Z&quot;,&quot;2026-09-10T01:12:41Z&quot;,&quot;2026-09-10T01:12:48Z&quot;,&quot;2026-09-10T01:12:53Z&quot;,&quot;2026-09-10T01:12:58Z&quot;,&quot;2026-09-10T01:13:04Z&quot;,&quot;2026-09-10T01:13:10Z&quot;,&quot;2026-09-10T01:13:16Z&quot;,&quot;2026-09-10T01:13:22Z&quot;,&quot;2026-09-10T01:13:27Z&quot;,&quot;2026-09-10T01:13:32Z&quot;,&quot;2026-09-10T01:13:38Z&quot;,&quot;2026-09-10T01:13:44Z&quot;,&quot;2026-09-10T01:13:50Z&quot;,&quot;2026-09-10T01:13:55Z&quot;,&quot;2026-09-10T01:14:00Z&quot;,&quot;2026-09-10T01:14:06Z&quot;,&quot;2026-09-10T01:14:11Z&quot;,&quot;2026-09-10T01:14:16Z&quot;,&quot;2026-09-10T01:14:21Z&quot;,&quot;2026-09-10T01:14:26Z&quot;,&quot;2026-09-10T01:14:32Z&quot;,&quot;2026-09-10T01:14:37Z&quot;,&quot;2026-09-10T01:14:42Z&quot;,&quot;2026-09-10T01:14:48Z&quot;,&quot;2026-09-10T01:14:53Z&quot;,&quot;2026-09-10T01:14:58Z&quot;,&quot;2026-09-10T01:15:03Z&quot;,&quot;2026-09-10T01:15:08Z&quot;,&quot;2026-09-10T01:15:13Z&quot;,&quot;2026-09-10T01:15:18Z&quot;,&quot;2026-09-10T01:15:23Z&quot;,&quot;2026-09-10T01:15:28Z&quot;,&quot;2026-09-10T01:15:33Z&quot;,&quot;2026-09-10T01:15:38Z&quot;,&quot;2026-09-10T01:15:43Z&quot;,&quot;2026-09-10T01:15:48Z&quot;,&quot;2026-09-10T01:15:53Z&quot;,&quot;2026-09-10T01:15:59Z&quot;,&quot;2026-09-10T01:16:05Z&quot;,&quot;2026-09-10T01:16:11Z&quot;,&quot;2026-09-10T01:16:16Z&quot;,&quot;2026-09-10T01:16:21Z&quot;,&quot;2026-09-10T01:16:26Z&quot;,&quot;2026-09-10T01:16:32Z&quot;,&quot;2026-09-10T01:16:38Z&quot;,&quot;2026-09-10T01:16:44Z&quot;,&quot;2026-09-10T01:16:49Z&quot;,&quot;2026-09-10T01:16:54Z&quot;,&quot;2026-09-10T01:16:59Z&quot;,&quot;2026-09-10T01:17:04Z&quot;,&quot;2026-09-10T01:17:09Z&quot;,&quot;2026-09-10T01:17:16Z&quot;,&quot;2026-09-10T01:21:00Z&quot;,&quot;2026-09-10T01:21:06Z&quot;,&quot;2026-09-10T01:21:11Z&quot;,&quot;2026-09-10T01:21:16Z&quot;,&quot;2026-09-10T01:21:21Z&quot;,&quot;2026-09-10T01:21:26Z&quot;,&quot;2026-09-10T01:21:31Z&quot;,&quot;2026-09-10T01:21:36Z&quot;,&quot;2026-09-10T01:21:41Z&quot;,&quot;2026-09-10T01:21:46Z&quot;,&quot;2026-09-10T01:21:51Z&quot;,&quot;2026-09-10T01:21:56Z&quot;,&quot;2026-09-10T01:22:01Z&quot;,&quot;2026-09-10T01:22:06Z&quot;,&quot;2026-09-10T01:22:12Z&quot;,&quot;2026-09-10T01:22:18Z&quot;,&quot;2026-09-10T01:22:23Z&quot;,&quot;2026-09-10T01:22:29Z&quot;,&quot;2026-09-10T01:22:34Z&quot;,&quot;2026-09-10T01:22:39Z&quot;,&quot;2026-09-10T01:22:44Z&quot;,&quot;2026-09-10T01:22:50Z&quot;,&quot;2026-09-10T01:22:57Z&quot;,&quot;2026-09-10T01:23:04Z&quot;,&quot;2026-09-10T01:23:09Z&quot;,&quot;2026-09-10T01:23:14Z&quot;,&quot;2026-09-10T01:23:19Z&quot;,&quot;2026-09-10T01:23:24Z&quot;,&quot;2026-09-10T01:23:29Z&quot;,&quot;2026-09-10T01:23:36Z&quot;,&quot;2026-09-10T01:23:42Z&quot;,&quot;2026-09-10T01:23:48Z&quot;,&quot;2026-09-10T01:23:54Z&quot;,&quot;2026-09-10T01:23:58Z&quot;,&quot;2026-09-10T01:24:04Z&quot;,&quot;2026-09-10T01:24:10Z&quot;,&quot;2026-09-10T01:24:16Z&quot;,&quot;2026-09-10T01:24:23Z&quot;,&quot;2026-09-10T01:24:29Z&quot;,&quot;2026-09-10T01:24:34Z&quot;,&quot;2026-09-10T01:24:39Z&quot;,&quot;2026-09-10T01:24:45Z&quot;,&quot;2026-09-10T01:24:51Z&quot;,&quot;2026-09-10T01:24:59Z&quot;,&quot;2026-09-10T01:25:06Z&quot;,&quot;2026-09-10T01:25:13Z&quot;,&quot;2026-09-10T01:25:20Z&quot;,&quot;2026-09-10T01:25:28Z&quot;,&quot;2026-09-10T01:25:37Z&quot;,&quot;2026-09-10T01:25:44Z&quot;,&quot;2026-09-10T01:25:51Z&quot;,&quot;2026-09-10T01:25:57Z&quot;,&quot;2026-09-10T01:26:02Z&quot;,&quot;2026-09-10T01:26:09Z&quot;,&quot;2026-09-10T01:26:15Z&quot;,&quot;2026-09-10T01:26:20Z&quot;,&quot;2026-09-10T01:26:25Z&quot;,&quot;2026-09-10T01:26:31Z&quot;,&quot;2026-09-10T01:26:38Z&quot;,&quot;2026-09-10T01:26:45Z&quot;,&quot;2026-09-10T01:26:51Z&quot;,&quot;2026-09-10T01:26:58Z&quot;,&quot;2026-09-10T01:27:05Z&quot;,&quot;2026-09-10T01:27:13Z&quot;,&quot;2026-09-10T01:27:19Z&quot;,&quot;2026-09-10T01:27:25Z&quot;,&quot;2026-09-10T01:27:31Z&quot;,&quot;2026-09-10T01:27:37Z&quot;,&quot;2026-09-10T01:27:43Z&quot;,&quot;2026-09-10T01:27:49Z&quot;,&quot;2026-09-10T01:27:55Z&quot;,&quot;2026-09-10T01:28:01Z&quot;,&quot;2026-09-10T01:28:07Z&quot;,&quot;2026-09-10T01:28:13Z&quot;,&quot;2026-09-10T01:28:19Z&quot;,&quot;2026-09-10T01:28:25Z&quot;,&quot;2026-09-10T01:28:32Z&quot;,&quot;2026-09-10T01:28:38Z&quot;,&quot;2026-09-10T01:28:44Z&quot;,&quot;2026-09-10T01:28:51Z&quot;,&quot;2026-09-10T01:28:58Z&quot;,&quot;2026-09-10T01:29:04Z&quot;,&quot;2026-09-10T01:29:10Z&quot;,&quot;2026-09-10T01:29:17Z&quot;,&quot;2026-09-10T01:29:24Z&quot;,&quot;2026-09-10T01:29:30Z&quot;,&quot;2026-09-10T01:29:36Z&quot;,&quot;2026-09-10T01:29:42Z&quot;,&quot;2026-09-10T01:29:48Z&quot;,&quot;2026-09-10T01:29:55Z&quot;,&quot;2026-09-10T01:30:01Z&quot;,&quot;2026-09-10T01:30:07Z&quot;,&quot;2026-09-10T01:30:13Z&quot;,&quot;2026-09-10T01:30:19Z&quot;,&quot;2026-09-10T01:30:25Z&quot;,&quot;2026-09-10T01:30:32Z&quot;,&quot;2026-09-10T01:30:40Z&quot;,&quot;2026-09-10T01:30:47Z&quot;,&quot;2026-09-10T01:30:53Z&quot;,&quot;2026-09-10T01:30:59Z&quot;,&quot;2026-09-10T01:31:14Z&quot;,&quot;2026-09-10T01:32:24Z&quot;,&quot;2026-09-10T01:32:31Z&quot;,&quot;2026-09-10T01:32:36Z&quot;,&quot;2026-09-10T01:32:41Z&quot;,&quot;2026-09-10T01:32:46Z&quot;,&quot;2026-09-10T01:32:51Z&quot;,&quot;2026-09-10T01:32:56Z&quot;,&quot;2026-09-10T01:33:01Z&quot;,&quot;2026-09-10T01:33:06Z&quot;,&quot;2026-09-10T01:33:12Z&quot;,&quot;2026-09-10T01:33:18Z&quot;,&quot;2026-09-10T01:33:23Z&quot;,&quot;2026-09-10T01:33:28Z&quot;,&quot;2026-09-10T01:33:33Z&quot;,&quot;2026-09-10T01:33:38Z&quot;,&quot;2026-09-10T01:33:43Z&quot;,&quot;2026-09-10T01:33:48Z&quot;,&quot;2026-09-10T01:33:54Z&quot;,&quot;2026-09-10T01:34:00Z&quot;,&quot;2026-09-10T01:34:06Z&quot;,&quot;2026-09-10T01:34:13Z&quot;,&quot;2026-09-10T01:34:19Z&quot;,&quot;2026-09-10T01:34:53Z&quot;,&quot;2026-09-10T01:35:00Z&quot;,&quot;2026-09-10T01:35:06Z&quot;,&quot;2026-09-10T01:35:11Z&quot;,&quot;2026-09-10T01:35:16Z&quot;,&quot;2026-09-10T01:35:22Z&quot;,&quot;2026-09-10T01:35:31Z&quot;,&quot;2026-09-10T01:35:39Z&quot;,&quot;2026-09-10T01:35:47Z&quot;,&quot;2026-09-10T01:35:53Z&quot;,&quot;2026-09-10T01:36:00Z&quot;,&quot;2026-09-10T01:36:09Z&quot;,&quot;2026-09-10T01:36:18Z&quot;,&quot;2026-09-10T01:36:24Z&quot;,&quot;2026-09-10T01:36:31Z&quot;,&quot;2026-09-10T01:36:35Z&quot;,&quot;2026-09-10T01:36:38Z&quot;,&quot;2026-09-10T01:36:42Z&quot;,&quot;2026-09-10T01:36:50Z&quot;,&quot;2026-09-10T01:36:57Z&quot;,&quot;2026-09-10T01:37:05Z&quot;,&quot;2026-09-10T01:37:11Z&quot;,&quot;2026-09-10T01:37:17Z&quot;,&quot;2026-09-10T01:37:23Z&quot;,&quot;2026-09-10T01:37:29Z&quot;,&quot;2026-09-10T01:37:35Z&quot;,&quot;2026-09-10T01:37:43Z&quot;,&quot;2026-09-10T01:37:50Z&quot;,&quot;2026-09-10T01:37:56Z&quot;,&quot;2026-09-10T01:38:02Z&quot;,&quot;2026-09-10T01:38:07Z&quot;,&quot;2026-09-10T01:38:12Z&quot;,&quot;2026-09-10T01:38:17Z&quot;,&quot;2026-09-10T01:38:22Z&quot;,&quot;2026-09-10T01:38:27Z&quot;,&quot;2026-09-10T01:38:33Z&quot;,&quot;2026-09-10T01:38:39Z&quot;,&quot;2026-09-10T01:38:45Z&quot;,&quot;2026-09-10T01:38:50Z&quot;,&quot;2026-09-10T01:38:55Z&quot;,&quot;2026-09-10T01:39:01Z&quot;,&quot;2026-09-10T01:39:07Z&quot;,&quot;2026-09-10T01:39:12Z&quot;,&quot;2026-09-10T01:39:17Z&quot;,&quot;2026-09-10T01:39:22Z&quot;,&quot;2026-09-10T01:39:27Z&quot;,&quot;2026-09-10T01:39:32Z&quot;,&quot;2026-09-10T01:39:37Z&quot;,&quot;2026-09-10T01:39:44Z&quot;,&quot;2026-09-10T01:39:49Z&quot;,&quot;2026-09-10T01:39:53Z&quot;,&quot;2026-09-10T01:39:57Z&quot;,&quot;2026-09-10T01:40:01Z&quot;,&quot;2026-09-10T01:40:05Z&quot;,&quot;2026-09-10T01:40:09Z&quot;,&quot;2026-09-10T01:40:13Z&quot;,&quot;2026-09-10T01:40:17Z&quot;,&quot;2026-09-10T01:40:21Z&quot;,&quot;2026-09-10T01:40:30Z&quot;,&quot;2026-09-10T01:40:39Z&quot;,&quot;2026-09-10T01:40:45Z&quot;,&quot;2026-09-10T01:40:50Z&quot;,&quot;2026-09-10T01:40:57Z&quot;,&quot;2026-09-10T01:41:04Z&quot;,&quot;2026-09-10T01:41:11Z&quot;,&quot;2026-09-10T01:41:37Z&quot;,&quot;2026-09-10T01:41:43Z&quot;,&quot;2026-09-10T01:41:49Z&quot;,&quot;2026-09-10T01:41:55Z&quot;,&quot;2026-09-10T01:42:00Z&quot;,&quot;2026-09-10T01:42:08Z&quot;,&quot;2026-09-10T01:42:15Z&quot;,&quot;2026-09-10T01:42:23Z&quot;,&quot;2026-09-10T01:42:30Z&quot;,&quot;2026-09-10T01:42:38Z&quot;,&quot;2026-09-10T01:42:47Z&quot;,&quot;2026-09-10T01:42:57Z&quot;,&quot;2026-09-10T01:43:05Z&quot;,&quot;2026-09-10T01:43:13Z&quot;,&quot;2026-09-10T01:43:19Z&quot;,&quot;2026-09-10T01:43:24Z&quot;,&quot;2026-09-10T01:43:29Z&quot;,&quot;2026-09-10T01:43:35Z&quot;,&quot;2026-09-10T01:43:42Z&quot;,&quot;2026-09-10T01:43:48Z&quot;,&quot;2026-09-10T01:43:54Z&quot;,&quot;2026-09-10T01:44:01Z&quot;,&quot;2026-09-10T01:44:07Z&quot;,&quot;2026-09-10T01:44:12Z&quot;,&quot;2026-09-10T01:44:17Z&quot;,&quot;2026-09-10T01:44:22Z&quot;,&quot;2026-09-10T01:44:28Z&quot;,&quot;2026-09-10T01:44:34Z&quot;,&quot;2026-09-10T01:44:39Z&quot;,&quot;2026-09-10T01:44:45Z&quot;,&quot;2026-09-10T01:44:57Z&quot;,&quot;2026-09-10T01:45:05Z&quot;,&quot;2026-09-10T01:45:11Z&quot;,&quot;2026-09-10T01:45:17Z&quot;,&quot;2026-09-10T01:45:23Z&quot;,&quot;2026-09-10T01:45:31Z&quot;,&quot;2026-09-10T01:45:39Z&quot;,&quot;2026-09-10T01:45:45Z&quot;,&quot;2026-09-10T01:45:51Z&quot;,&quot;2026-09-10T01:45:57Z&quot;,&quot;2026-09-10T01:46:02Z&quot;,&quot;2026-09-10T01:46:07Z&quot;,&quot;2026-09-10T01:46:13Z&quot;,&quot;2026-09-10T01:46:20Z&quot;,&quot;2026-09-10T01:46:26Z&quot;,&quot;2026-09-10T01:46:32Z&quot;,&quot;2026-09-10T01:46:38Z&quot;,&quot;2026-09-10T01:46:45Z&quot;,&quot;2026-09-10T01:46:53Z&quot;,&quot;2026-09-10T01:47:00Z&quot;,&quot;2026-09-10T01:47:08Z&quot;,&quot;2026-09-10T01:47:14Z&quot;,&quot;2026-09-10T01:47:19Z&quot;,&quot;2026-09-10T01:47:25Z&quot;,&quot;2026-09-10T01:47:31Z&quot;,&quot;2026-09-10T01:47:37Z&quot;,&quot;2026-09-10T01:47:44Z&quot;,&quot;2026-09-10T01:47:51Z&quot;,&quot;2026-09-10T01:47:59Z&quot;,&quot;2026-09-10T01:48:07Z&quot;,&quot;2026-09-10T01:48:13Z&quot;,&quot;2026-09-10T01:48:20Z&quot;,&quot;2026-09-10T01:48:26Z&quot;,&quot;2026-09-10T01:48:32Z&quot;,&quot;2026-09-10T01:48:37Z&quot;,&quot;2026-09-10T01:48:43Z&quot;,&quot;2026-09-10T01:48:51Z&quot;,&quot;2026-09-10T01:48:58Z&quot;,&quot;2026-09-10T01:49:04Z&quot;,&quot;2026-09-10T01:49:13Z&quot;,&quot;2026-09-10T01:49:20Z&quot;,&quot;2026-09-10T01:49:26Z&quot;,&quot;2026-09-10T01:49:32Z&quot;,&quot;2026-09-10T01:49:38Z&quot;,&quot;2026-09-10T01:49:43Z&quot;,&quot;2026-09-10T01:49:49Z&quot;,&quot;2026-09-10T01:49:58Z&quot;,&quot;2026-09-10T01:50:05Z&quot;,&quot;2026-09-10T01:50:11Z&quot;,&quot;2026-09-10T01:50:16Z&quot;,&quot;2026-09-10T01:50:21Z&quot;,&quot;2026-09-10T01:50:27Z&quot;,&quot;2026-09-10T01:50:32Z&quot;,&quot;2026-09-10T01:50:37Z&quot;,&quot;2026-09-10T01:50:43Z&quot;,&quot;2026-09-10T01:50:50Z&quot;,&quot;2026-09-10T01:50:57Z&quot;,&quot;2026-09-10T01:51:18Z&quot;,&quot;2026-09-10T01:51:25Z&quot;,&quot;2026-09-10T01:51:32Z&quot;,&quot;2026-09-10T01:51:42Z&quot;,&quot;2026-09-10T01:51:50Z&quot;,&quot;2026-09-10T01:51:55Z&quot;,&quot;2026-09-10T01:52:01Z&quot;,&quot;2026-09-10T01:52:06Z&quot;,&quot;2026-09-10T01:52:11Z&quot;,&quot;2026-09-10T01:52:17Z&quot;,&quot;2026-09-10T01:52:22Z&quot;,&quot;2026-09-10T01:52:28Z&quot;,&quot;2026-09-10T01:52:33Z&quot;,&quot;2026-09-10T01:52:38Z&quot;,&quot;2026-09-10T01:52:43Z&quot;,&quot;2026-09-10T01:52:48Z&quot;,&quot;2026-09-10T01:52:55Z&quot;,&quot;2026-09-10T01:53:03Z&quot;,&quot;2026-09-10T01:53:08Z&quot;,&quot;2026-09-10T01:53:12Z&quot;,&quot;2026-09-10T01:53:17Z&quot;,&quot;2026-09-10T01:53:22Z&quot;,&quot;2026-09-10T01:53:27Z&quot;,&quot;2026-09-10T01:53:31Z&quot;,&quot;2026-09-10T01:53:35Z&quot;,&quot;2026-09-10T01:53:40Z&quot;,&quot;2026-09-10T01:53:46Z&quot;,&quot;2026-09-10T01:53:51Z&quot;,&quot;2026-09-10T01:53:56Z&quot;,&quot;2026-09-10T01:54:02Z&quot;,&quot;2026-09-10T01:54:07Z&quot;,&quot;2026-09-10T01:54:12Z&quot;,&quot;2026-09-10T01:54:17Z&quot;,&quot;2026-09-10T01:54:22Z&quot;,&quot;2026-09-10T01:54:27Z&quot;,&quot;2026-09-10T01:54:32Z&quot;,&quot;2026-09-10T01:54:37Z&quot;,&quot;2026-09-10T01:54:44Z&quot;,&quot;2026-09-10T01:54:53Z&quot;,&quot;2026-09-10T01:55:01Z&quot;,&quot;2026-09-10T01:55:10Z&quot;,&quot;2026-09-10T01:55:16Z&quot;,&quot;2026-09-10T01:55:22Z&quot;,&quot;2026-09-10T01:55:29Z&quot;,&quot;2026-09-10T01:55:36Z&quot;,&quot;2026-09-10T01:55:42Z&quot;,&quot;2026-09-10T01:55:46Z&quot;,&quot;2026-09-10T01:55:50Z&quot;,&quot;2026-09-10T01:55:55Z&quot;,&quot;2026-09-10T01:56:01Z&quot;,&quot;2026-09-10T01:56:07Z&quot;,&quot;2026-09-10T01:56:12Z&quot;,&quot;2026-09-10T01:56:18Z&quot;,&quot;2026-09-10T01:56:24Z&quot;,&quot;2026-09-10T01:56:28Z&quot;,&quot;2026-09-10T01:56:33Z&quot;,&quot;2026-09-10T01:56:38Z&quot;,&quot;2026-09-10T01:56:43Z&quot;,&quot;2026-09-10T01:56:49Z&quot;,&quot;2026-09-10T01:56:57Z&quot;,&quot;2026-09-10T01:57:03Z&quot;,&quot;2026-09-10T01:57:08Z&quot;,&quot;2026-09-10T01:57:13Z&quot;,&quot;2026-09-10T01:57:18Z&quot;,&quot;2026-09-10T01:57:24Z&quot;,&quot;2026-09-10T01:57:30Z&quot;,&quot;2026-09-10T01:57:36Z&quot;,&quot;2026-09-10T01:57:42Z&quot;,&quot;2026-09-10T01:57:48Z&quot;,&quot;2026-09-10T01:57:53Z&quot;,&quot;2026-09-10T01:57:58Z&quot;,&quot;2026-09-10T01:58:03Z&quot;,&quot;2026-09-10T01:58:09Z&quot;,&quot;2026-09-10T01:58:14Z&quot;,&quot;2026-09-10T01:58:19Z&quot;,&quot;2026-09-10T01:58:24Z&quot;,&quot;2026-09-10T01:58:29Z&quot;,&quot;2026-09-10T01:58:34Z&quot;,&quot;2026-09-10T01:58:40Z&quot;,&quot;2026-09-10T01:58:45Z&quot;,&quot;2026-09-10T01:58:50Z&quot;,&quot;2026-09-10T01:58:54Z&quot;,&quot;2026-09-10T01:58:58Z&quot;,&quot;2026-09-10T01:59:03Z&quot;,&quot;2026-09-10T01:59:10Z&quot;,&quot;2026-09-10T01:59:17Z&quot;,&quot;2026-09-10T01:59:26Z&quot;,&quot;2026-09-10T01:59:33Z&quot;,&quot;2026-09-10T01:59:40Z&quot;,&quot;2026-09-10T01:59:46Z&quot;,&quot;2026-09-10T01:59:51Z&quot;,&quot;2026-09-10T01:59:57Z&quot;,&quot;2026-09-10T02:00:03Z&quot;,&quot;2026-09-10T02:00:08Z&quot;,&quot;2026-09-10T02:00:13Z&quot;,&quot;2026-09-10T02:00:18Z&quot;,&quot;2026-09-10T02:00:23Z&quot;,&quot;2026-09-10T02:00:29Z&quot;,&quot;2026-09-10T02:00:35Z&quot;,&quot;2026-09-10T02:00:40Z&quot;,&quot;2026-09-10T02:00:45Z&quot;,&quot;2026-09-10T02:00:51Z&quot;,&quot;2026-09-10T02:00:57Z&quot;,&quot;2026-09-10T02:01:02Z&quot;,&quot;2026-09-10T02:01:06Z&quot;,&quot;2026-09-10T02:01:10Z&quot;,&quot;2026-09-10T02:01:15Z&quot;,&quot;2026-09-10T02:01:20Z&quot;,&quot;2026-09-10T02:01:24Z&quot;,&quot;2026-09-10T02:01:28Z&quot;,&quot;2026-09-10T02:01:33Z&quot;,&quot;2026-09-10T02:01:41Z&quot;,&quot;2026-09-10T02:01:46Z&quot;,&quot;2026-09-10T02:01:51Z&quot;,&quot;2026-09-10T02:01:56Z&quot;,&quot;2026-09-10T02:02:01Z&quot;,&quot;2026-09-10T02:02:07Z&quot;,&quot;2026-09-10T02:02:14Z&quot;,&quot;2026-09-10T02:02:19Z&quot;,&quot;2026-09-10T02:02:28Z&quot;,&quot;2026-09-10T02:02:34Z&quot;,&quot;2026-09-10T02:02:40Z&quot;,&quot;2026-09-10T02:02:45Z&quot;,&quot;2026-09-10T02:02:50Z&quot;,&quot;2026-09-10T02:02:55Z&quot;,&quot;2026-09-10T02:03:01Z&quot;,&quot;2026-09-10T02:03:06Z&quot;,&quot;2026-09-10T02:03:12Z&quot;,&quot;2026-09-10T02:03:19Z&quot;,&quot;2026-09-10T02:03:28Z&quot;,&quot;2026-09-10T02:03:35Z&quot;,&quot;2026-09-10T02:03:42Z&quot;,&quot;2026-09-10T02:03:47Z&quot;,&quot;2026-09-10T02:03:52Z&quot;,&quot;2026-09-10T02:03:57Z&quot;,&quot;2026-09-10T02:04:04Z&quot;,&quot;2026-09-10T02:04:11Z&quot;,&quot;2026-09-10T02:04:17Z&quot;,&quot;2026-09-10T02:04:23Z&quot;,&quot;2026-09-10T02:04:30Z&quot;,&quot;2026-09-10T02:04:36Z&quot;,&quot;2026-09-10T02:04:42Z&quot;,&quot;2026-09-10T02:04:47Z&quot;,&quot;2026-09-10T02:04:53Z&quot;,&quot;2026-09-10T02:04:58Z&quot;,&quot;2026-09-10T02:05:03Z&quot;,&quot;2026-09-10T02:05:07Z&quot;,&quot;2026-09-10T02:05:12Z&quot;,&quot;2026-09-10T02:05:18Z&quot;,&quot;2026-09-10T02:05:23Z&quot;,&quot;2026-09-10T02:05:28Z&quot;,&quot;2026-09-10T02:05:33Z&quot;,&quot;2026-09-10T02:05:37Z&quot;,&quot;2026-09-10T02:05:42Z&quot;,&quot;2026-09-10T02:05:48Z&quot;,&quot;2026-09-10T02:05:53Z&quot;,&quot;2026-09-10T02:05:58Z&quot;,&quot;2026-09-10T02:06:03Z&quot;,&quot;2026-09-10T02:06:07Z&quot;,&quot;2026-09-10T02:06:12Z&quot;,&quot;2026-09-10T02:06:49Z&quot;,&quot;2026-09-10T02:06:58Z&quot;,&quot;2026-09-10T02:07:37Z&quot;,&quot;2026-09-10T02:07:46Z&quot;,&quot;2026-09-10T02:07:51Z&quot;,&quot;2026-09-10T02:07:56Z&quot;,&quot;2026-09-10T02:08:01Z&quot;,&quot;2026-09-10T02:08:07Z&quot;,&quot;2026-09-10T02:08:13Z&quot;,&quot;2026-09-10T02:08:18Z&quot;,&quot;2026-09-10T02:08:23Z&quot;,&quot;2026-09-10T02:08:27Z&quot;,&quot;2026-09-10T02:08:31Z&quot;,&quot;2026-09-10T02:08:38Z&quot;,&quot;2026-09-10T02:08:45Z&quot;,&quot;2026-09-10T02:08:52Z&quot;,&quot;2026-09-10T02:08:58Z&quot;,&quot;2026-09-10T02:09:04Z&quot;,&quot;2026-09-10T02:09:09Z&quot;,&quot;2026-09-10T02:09:14Z&quot;,&quot;2026-09-10T02:09:19Z&quot;,&quot;2026-09-10T02:09:24Z&quot;,&quot;2026-09-10T02:09:28Z&quot;,&quot;2026-09-10T02:09:32Z&quot;,&quot;2026-09-10T02:09:38Z&quot;,&quot;2026-09-10T02:09:43Z&quot;,&quot;2026-09-10T02:09:49Z&quot;,&quot;2026-09-10T02:09:57Z&quot;,&quot;2026-09-10T02:10:03Z&quot;,&quot;2026-09-10T02:10:09Z&quot;,&quot;2026-09-10T02:10:14Z&quot;,&quot;2026-09-10T02:10:20Z&quot;,&quot;2026-09-10T02:10:25Z&quot;,&quot;2026-09-10T02:10:30Z&quot;,&quot;2026-09-10T02:10:36Z&quot;,&quot;2026-09-10T02:10:41Z&quot;,&quot;2026-09-10T02:10:46Z&quot;,&quot;2026-09-10T02:10:52Z&quot;,&quot;2026-09-10T02:10:58Z&quot;,&quot;2026-09-10T02:11:04Z&quot;,&quot;2026-09-10T02:11:25Z&quot;,&quot;2026-09-10T02:11:30Z&quot;,&quot;2026-09-10T02:11:35Z&quot;,&quot;2026-09-10T02:11:42Z&quot;,&quot;2026-09-10T02:11:50Z&quot;,&quot;2026-09-10T02:11:56Z&quot;,&quot;2026-09-10T02:12:02Z&quot;,&quot;2026-09-10T02:12:08Z&quot;,&quot;2026-09-10T02:12:14Z&quot;,&quot;2026-09-10T02:12:19Z&quot;,&quot;2026-09-10T02:12:24Z&quot;,&quot;2026-09-10T02:12:29Z&quot;,&quot;2026-09-10T02:12:35Z&quot;,&quot;2026-09-10T02:12:40Z&quot;,&quot;2026-09-10T02:12:45Z&quot;,&quot;2026-09-10T02:12:50Z&quot;,&quot;2026-09-10T02:12:55Z&quot;,&quot;2026-09-10T02:13:00Z&quot;,&quot;2026-09-10T02:13:05Z&quot;,&quot;2026-09-10T02:13:10Z&quot;,&quot;2026-09-10T02:13:15Z&quot;,&quot;2026-09-10T02:13:20Z&quot;,&quot;2026-09-10T02:13:25Z&quot;,&quot;2026-09-10T02:13:30Z&quot;,&quot;2026-09-10T02:13:35Z&quot;,&quot;2026-09-10T02:13:40Z&quot;,&quot;2026-09-10T02:13:45Z&quot;,&quot;2026-09-10T02:13:50Z&quot;,&quot;2026-09-10T02:13:55Z&quot;,&quot;2026-09-10T02:14:00Z&quot;,&quot;2026-09-10T02:14:05Z&quot;,&quot;2026-09-10T02:14:10Z&quot;,&quot;2026-09-10T02:14:15Z&quot;,&quot;2026-09-10T02:14:20Z&quot;,&quot;2026-09-10T02:14:26Z&quot;,&quot;2026-09-10T02:14:32Z&quot;,&quot;2026-09-10T02:14:37Z&quot;,&quot;2026-09-10T02:14:42Z&quot;,&quot;2026-09-10T02:14:47Z&quot;,&quot;2026-09-10T02:14:52Z&quot;,&quot;2026-09-10T02:14:57Z&quot;,&quot;2026-09-10T02:15:02Z&quot;,&quot;2026-09-10T02:15:07Z&quot;,&quot;2026-09-10T02:15:37Z&quot;,&quot;2026-09-10T02:15:42Z&quot;,&quot;2026-09-10T02:15:47Z&quot;,&quot;2026-09-10T02:15:52Z&quot;,&quot;2026-09-10T02:15:57Z&quot;,&quot;2026-09-10T02:16:03Z&quot;,&quot;2026-09-10T02:16:08Z&quot;,&quot;2026-09-10T02:16:13Z&quot;,&quot;2026-09-10T02:16:19Z&quot;,&quot;2026-09-10T02:16:24Z&quot;,&quot;2026-09-10T02:16:29Z&quot;,&quot;2026-09-10T02:16:34Z&quot;,&quot;2026-09-10T02:16:39Z&quot;,&quot;2026-09-10T02:16:44Z&quot;,&quot;2026-09-10T02:16:49Z&quot;,&quot;2026-09-10T02:16:54Z&quot;,&quot;2026-09-10T02:16:59Z&quot;,&quot;2026-09-10T02:17:04Z&quot;,&quot;2026-09-10T02:17:09Z&quot;,&quot;2026-09-10T02:17:14Z&quot;,&quot;2026-09-10T02:17:20Z&quot;,&quot;2026-09-10T02:17:27Z&quot;,&quot;2026-09-10T02:17:34Z&quot;,&quot;2026-09-10T02:17:41Z&quot;,&quot;2026-09-10T02:17:48Z&quot;,&quot;2026-09-10T02:17:53Z&quot;,&quot;2026-09-10T02:17:58Z&quot;,&quot;2026-09-10T02:18:03Z&quot;,&quot;2026-09-10T02:18:08Z&quot;,&quot;2026-09-10T02:18:13Z&quot;,&quot;2026-09-10T02:18:18Z&quot;,&quot;2026-09-10T02:18:23Z&quot;,&quot;2026-09-10T02:18:28Z&quot;,&quot;2026-09-10T02:18:34Z&quot;,&quot;2026-09-10T02:18:39Z&quot;,&quot;2026-09-10T02:20:33Z&quot;,&quot;2026-09-10T02:20:34Z&quot;]}},&quot;source&quot;:{}}</om:item></extensions><trkseg><trkpt lat="51.3250263" lon="-116.0352184"><ele>1470</ele><time>2026-09-09T11:10:37.000Z</time></trkpt><trkpt lat="51.3250245" lon="-116.0350998"><ele>1470</ele><time>2026-09-09T11:10:43.000Z</time></trkpt><trkpt lat="51.3250519" lon="-116.0350041"><ele>1470</ele><time>2026-09-09T11:10:50.000Z</time></trkpt><trkpt lat="51.3250944" lon="-116.0349046"><ele>1470</ele><time>2026-09-09T11:10:56.000Z</time></trkpt><trkpt lat="51.3250891" lon="-116.0347921"><ele>1471</ele><time>2026-09-09T11:11:02.000Z</time></trkpt><trkpt lat="51.325037" lon="-116.034714"><ele>1471</ele><time>2026-09-09T11:11:07.000Z</time></trkpt><trkpt lat="51.3249832" lon="-116.0346586"><ele>1471</ele><time>2026-09-09T11:11:11.000Z</time></trkpt><trkpt lat="51.3249265" lon="-116.0346014"><ele>1471</ele><time>2026-09-09T11:11:15.000Z</time></trkpt><trkpt lat="51.3248715" lon="-116.0345411"><ele>1471</ele><time>2026-09-09T11:11:19.000Z</time></trkpt><trkpt lat="51.3248196" lon="-116.0344794"><ele>1470</ele><time>2026-09-09T11:11:23.000Z</time></trkpt><trkpt lat="51.324769" lon="-116.0344165"><ele>1470</ele><time>2026-09-09T11:11:27.000Z</time></trkpt><trkpt lat="51.3247182" lon="-116.0343534"><ele>1470</ele><time>2026-09-09T11:11:31.000Z</time></trkpt><trkpt lat="51.3246723" lon="-116.0342582"><ele>1470</ele><time>2026-09-09T11:11:36.000Z</time></trkpt><trkpt lat="51.3246743" lon="-116.0341407"><ele>1470</ele><time>2026-09-09T11:11:41.000Z</time></trkpt><trkpt lat="51.3247172" lon="-116.0340366"><ele>1470</ele><time>2026-09-09T11:11:46.000Z</time></trkpt><trkpt lat="51.3247721" lon="-116.0339467"><ele>1470</ele><time>2026-09-09T11:11:51.000Z</time></trkpt><trkpt lat="51.324826" lon="-116.0338598"><ele>1470</ele><time>2026-09-09T11:11:56.000Z</time></trkpt><trkpt lat="51.3248779" lon="-116.0337726"><ele>1470</ele><time>2026-09-09T11:12:01.000Z</time></trkpt><trkpt lat="51.3249262" lon="-116.0336853"><ele>1470</ele><time>2026-09-09T11:12:06.000Z</time></trkpt><trkpt lat="51.3249795" lon="-116.0336079"><ele>1470</ele><time>2026-09-09T11:12:11.000Z</time></trkpt><trkpt lat="51.3250406" lon="-116.0335408"><ele>1470</ele><time>2026-09-09T11:12:16.000Z</time></trkpt><trkpt lat="51.3251068" lon="-116.0334831"><ele>1470</ele><time>2026-09-09T11:12:21.000Z</time></trkpt><trkpt lat="51.3251724" lon="-116.0334231"><ele>1471</ele><time>2026-09-09T11:12:26.000Z</time></trkpt><trkpt lat="51.3252399" lon="-116.0333613"><ele>1471</ele><time>2026-09-09T11:12:31.000Z</time></trkpt><trkpt lat="51.3252856" lon="-116.0332671"><ele>1471</ele><time>2026-09-09T11:12:36.000Z</time></trkpt><trkpt lat="51.3253205" lon="-116.0331666"><ele>1471</ele><time>2026-09-09T11:12:41.000Z</time></trkpt><trkpt lat="51.3253307" lon="-116.0330483"><ele>1471</ele><time>2026-09-09T11:12:46.000Z</time></trkpt><trkpt lat="51.3252963" lon="-116.0329417"><ele>1471</ele><time>2026-09-09T11:12:51.000Z</time></trkpt><trkpt lat="51.3252565" lon="-116.0328483"><ele>1471</ele><time>2026-09-09T11:12:56.000Z</time></trkpt><trkpt lat="51.3252443" lon="-116.0327488"><ele>1471</ele><time>2026-09-09T11:13:01.000Z</time></trkpt><trkpt lat="51.3252437" lon="-116.0326423"><ele>1471</ele><time>2026-09-09T11:13:07.000Z</time></trkpt><trkpt lat="51.325235" lon="-116.0325318"><ele>1471</ele><time>2026-09-09T11:13:12.000Z</time></trkpt><trkpt lat="51.3252125" lon="-116.0324162"><ele>1471</ele><time>2026-09-09T11:13:17.000Z</time></trkpt><trkpt lat="51.3251744" lon="-116.0323162"><ele>1471</ele><time>2026-09-09T11:13:22.000Z</time></trkpt><trkpt lat="51.3251264" lon="-116.0322261"><ele>1471</ele><time>2026-09-09T11:13:27.000Z</time></trkpt><trkpt lat="51.3250738" lon="-116.0321397"><ele>1471</ele><time>2026-09-09T11:13:32.000Z</time></trkpt><trkpt lat="51.325032" lon="-116.0320473"><ele>1471</ele><time>2026-09-09T11:13:37.000Z</time></trkpt><trkpt lat="51.3250223" lon="-116.0319385"><ele>1471</ele><time>2026-09-09T11:13:45.000Z</time></trkpt><trkpt lat="51.3250795" lon="-116.0318707"><ele>1471</ele><time>2026-09-09T11:13:50.000Z</time></trkpt><trkpt lat="51.3251368" lon="-116.0318191"><ele>1471</ele><time>2026-09-09T11:13:55.000Z</time></trkpt><trkpt lat="51.3252029" lon="-116.0317978"><ele>1471</ele><time>2026-09-09T11:14:00.000Z</time></trkpt><trkpt lat="51.3252744" lon="-116.0317857"><ele>1471</ele><time>2026-09-09T11:14:05.000Z</time></trkpt><trkpt lat="51.3253459" lon="-116.031772"><ele>1471</ele><time>2026-09-09T11:14:10.000Z</time></trkpt><trkpt lat="51.3254049" lon="-116.0317187"><ele>1471</ele><time>2026-09-09T11:14:15.000Z</time></trkpt><trkpt lat="51.3254488" lon="-116.0316315"><ele>1471</ele><time>2026-09-09T11:14:20.000Z</time></trkpt><trkpt lat="51.3254754" lon="-116.0315372"><ele>1471</ele><time>2026-09-09T11:14:25.000Z</time></trkpt><trkpt lat="51.3255134" lon="-116.0314429"><ele>1471</ele><time>2026-09-09T11:14:31.000Z</time></trkpt><trkpt lat="51.3255586" lon="-116.0313534"><ele>1471</ele><time>2026-09-09T11:14:37.000Z</time></trkpt><trkpt lat="51.3255695" lon="-116.0312536"><ele>1471</ele><time>2026-09-09T11:14:43.000Z</time></trkpt><trkpt lat="51.3255616" lon="-116.0311359"><ele>1471</ele><time>2026-09-09T11:14:49.000Z</time></trkpt><trkpt lat="51.3255286" lon="-116.0310375"><ele>1471</ele><time>2026-09-09T11:14:56.000Z</time></trkpt><trkpt lat="51.3254704" lon="-116.0309871"><ele>1472</ele><time>2026-09-09T11:15:02.000Z</time></trkpt><trkpt lat="51.3254076" lon="-116.0309271"><ele>1471</ele><time>2026-09-09T11:15:08.000Z</time></trkpt><trkpt lat="51.3253607" lon="-116.0308554"><ele>1471</ele><time>2026-09-09T11:15:14.000Z</time></trkpt><trkpt lat="51.3253759" lon="-116.0307479"><ele>1471</ele><time>2026-09-09T11:15:21.000Z</time></trkpt><trkpt lat="51.3253964" lon="-116.0306463"><ele>1472</ele><time>2026-09-09T11:15:27.000Z</time></trkpt><trkpt lat="51.3253924" lon="-116.0305378"><ele>1472</ele><time>2026-09-09T11:15:33.000Z</time></trkpt><trkpt lat="51.3254064" lon="-116.0304288"><ele>1472</ele><time>2026-09-09T11:15:40.000Z</time></trkpt><trkpt lat="51.3253773" lon="-116.0303243"><ele>1473</ele><time>2026-09-09T11:15:47.000Z</time></trkpt><trkpt lat="51.3253502" lon="-116.0302287"><ele>1473</ele><time>2026-09-09T11:15:54.000Z</time></trkpt><trkpt lat="51.3253572" lon="-116.0301241"><ele>1473</ele><time>2026-09-09T11:16:00.000Z</time></trkpt><trkpt lat="51.3253677" lon="-116.030013"><ele>1473</ele><time>2026-09-09T11:16:07.000Z</time></trkpt><trkpt lat="51.3253924" lon="-116.0299195"><ele>1473</ele><time>2026-09-09T11:16:13.000Z</time></trkpt><trkpt lat="51.3254145" lon="-116.0298251"><ele>1473</ele><time>2026-09-09T11:16:19.000Z</time></trkpt><trkpt lat="51.3254398" lon="-116.0297239"><ele>1474</ele><time>2026-09-09T11:16:26.000Z</time></trkpt><trkpt lat="51.3254681" lon="-116.0296288"><ele>1474</ele><time>2026-09-09T11:16:32.000Z</time></trkpt><trkpt lat="51.3255026" lon="-116.0295346"><ele>1474</ele><time>2026-09-09T11:16:39.000Z</time></trkpt><trkpt lat="51.325528" lon="-116.0294281"><ele>1474</ele><time>2026-09-09T11:16:45.000Z</time></trkpt><trkpt lat="51.3255645" lon="-116.0293385"><ele>1475</ele><time>2026-09-09T11:16:53.000Z</time></trkpt><trkpt lat="51.3256048" lon="-116.0292508"><ele>1475</ele><time>2026-09-09T11:17:00.000Z</time></trkpt><trkpt lat="51.3256521" lon="-116.0291627"><ele>1475</ele><time>2026-09-09T11:17:07.000Z</time></trkpt><trkpt lat="51.3256973" lon="-116.0290787"><ele>1476</ele><time>2026-09-09T11:17:13.000Z</time></trkpt><trkpt lat="51.3257414" lon="-116.0289922"><ele>1476</ele><time>2026-09-09T11:17:19.000Z</time></trkpt><trkpt lat="51.3257933" lon="-116.0289216"><ele>1476</ele><time>2026-09-09T11:17:25.000Z</time></trkpt><trkpt lat="51.325831" lon="-116.0288259"><ele>1476</ele><time>2026-09-09T11:17:31.000Z</time></trkpt><trkpt lat="51.3258588" lon="-116.0287257"><ele>1476</ele><time>2026-09-09T11:17:38.000Z</time></trkpt><trkpt lat="51.325894" lon="-116.0286317"><ele>1477</ele><time>2026-09-09T11:17:46.000Z</time></trkpt><trkpt lat="51.3259191" lon="-116.0285337"><ele>1477</ele><time>2026-09-09T11:17:55.000Z</time></trkpt><trkpt lat="51.3258928" lon="-116.0284331"><ele>1477</ele><time>2026-09-09T11:18:02.000Z</time></trkpt><trkpt lat="51.3258503" lon="-116.0283519"><ele>1478</ele><time>2026-09-09T11:18:09.000Z</time></trkpt><trkpt lat="51.325812" lon="-116.0282614"><ele>1478</ele><time>2026-09-09T11:18:16.000Z</time></trkpt><trkpt lat="51.3258076" lon="-116.0281481"><ele>1478</ele><time>2026-09-09T11:18:24.000Z</time></trkpt><trkpt lat="51.3258073" lon="-116.0280333"><ele>1479</ele><time>2026-09-09T11:18:31.000Z</time></trkpt><trkpt lat="51.3258234" lon="-116.0279258"><ele>1479</ele><time>2026-09-09T11:18:37.000Z</time></trkpt><trkpt lat="51.3258267" lon="-116.0278224"><ele>1479</ele><time>2026-09-09T11:18:43.000Z</time></trkpt><trkpt lat="51.3257894" lon="-116.0277241"><ele>1480</ele><time>2026-09-09T11:18:49.000Z</time></trkpt><trkpt lat="51.3257501" lon="-116.0276315"><ele>1480</ele><time>2026-09-09T11:18:55.000Z</time></trkpt><trkpt lat="51.325719" lon="-116.0275285"><ele>1480</ele><time>2026-09-09T11:19:01.000Z</time></trkpt><trkpt lat="51.3256683" lon="-116.0274389"><ele>1481</ele><time>2026-09-09T11:19:07.000Z</time></trkpt><trkpt lat="51.3256147" lon="-116.0273662"><ele>1481</ele><time>2026-09-09T11:19:13.000Z</time></trkpt><trkpt lat="51.3255807" lon="-116.027277"><ele>1481</ele><time>2026-09-09T11:19:19.000Z</time></trkpt><trkpt lat="51.3255314" lon="-116.0272143"><ele>1481</ele><time>2026-09-09T11:19:25.000Z</time></trkpt><trkpt lat="51.3254746" lon="-116.0271627"><ele>1481</ele><time>2026-09-09T11:19:31.000Z</time></trkpt><trkpt lat="51.3254282" lon="-116.027088"><ele>1481</ele><time>2026-09-09T11:19:37.000Z</time></trkpt><trkpt lat="51.3254157" lon="-116.0269875"><ele>1481</ele><time>2026-09-09T11:19:43.000Z</time></trkpt><trkpt lat="51.3254401" lon="-116.0268891"><ele>1482</ele><time>2026-09-09T11:19:51.000Z</time></trkpt><trkpt lat="51.3254842" lon="-116.0268143"><ele>1482</ele><time>2026-09-09T11:19:58.000Z</time></trkpt><trkpt lat="51.3255485" lon="-116.0267587"><ele>1483</ele><time>2026-09-09T11:20:05.000Z</time></trkpt><trkpt lat="51.3256052" lon="-116.0267097"><ele>1483</ele><time>2026-09-09T11:20:11.000Z</time></trkpt><trkpt lat="51.3256496" lon="-116.0266315"><ele>1484</ele><time>2026-09-09T11:20:19.000Z</time></trkpt><trkpt lat="51.3256919" lon="-116.0265418"><ele>1486</ele><time>2026-09-09T11:20:29.000Z</time></trkpt><trkpt lat="51.3257242" lon="-116.0264547"><ele>1487</ele><time>2026-09-09T11:20:38.000Z</time></trkpt><trkpt lat="51.3257683" lon="-116.0263715"><ele>1490</ele><time>2026-09-09T11:20:48.000Z</time></trkpt><trkpt lat="51.325789" lon="-116.0262661"><ele>1491</ele><time>2026-09-09T11:20:56.000Z</time></trkpt><trkpt lat="51.3258049" lon="-116.0261634"><ele>1492</ele><time>2026-09-09T11:21:05.000Z</time></trkpt><trkpt lat="51.3257978" lon="-116.0260607"><ele>1494</ele><time>2026-09-09T11:21:19.000Z</time></trkpt><trkpt lat="51.3257954" lon="-116.025957"><ele>1496</ele><time>2026-09-09T11:21:28.000Z</time></trkpt><trkpt lat="51.3258075" lon="-116.0258482"><ele>1498</ele><time>2026-09-09T11:21:37.000Z</time></trkpt><trkpt lat="51.325857" lon="-116.025777"><ele>1499</ele><time>2026-09-09T11:21:47.000Z</time></trkpt><trkpt lat="51.3258982" lon="-116.0256982"><ele>1501</ele><time>2026-09-09T11:21:57.000Z</time></trkpt><trkpt lat="51.3259447" lon="-116.0256062"><ele>1504</ele><time>2026-09-09T11:22:16.000Z</time></trkpt><trkpt lat="51.3259809" lon="-116.0255028"><ele>1507</ele><time>2026-09-09T11:22:33.000Z</time></trkpt><trkpt lat="51.3260048" lon="-116.0254069"><ele>1509</ele><time>2026-09-09T11:22:45.000Z</time></trkpt><trkpt lat="51.3260763" lon="-116.0253471"><ele>1516</ele><time>2026-09-09T11:23:23.000Z</time></trkpt><trkpt lat="51.326137" lon="-116.0252973"><ele>1517</ele><time>2026-09-09T11:23:30.000Z</time></trkpt><trkpt lat="51.3262007" lon="-116.0252691"><ele>1521</ele><time>2026-09-09T11:23:49.000Z</time></trkpt><trkpt lat="51.3262456" lon="-116.025194"><ele>1525</ele><time>2026-09-09T11:24:04.000Z</time></trkpt><trkpt lat="51.3263108" lon="-116.0251802"><ele>1526</ele><time>2026-09-09T11:24:15.000Z</time></trkpt><trkpt lat="51.3263744" lon="-116.025157"><ele>1528</ele><time>2026-09-09T11:24:30.000Z</time></trkpt><trkpt lat="51.3264354" lon="-116.0251077"><ele>1532</ele><time>2026-09-09T11:25:38.000Z</time></trkpt><trkpt lat="51.3264813" lon="-116.0250387"><ele>1533</ele><time>2026-09-09T11:25:46.000Z</time></trkpt><trkpt lat="51.3265176" lon="-116.0249562"><ele>1534</ele><time>2026-09-09T11:25:54.000Z</time></trkpt><trkpt lat="51.3265838" lon="-116.0249331"><ele>1535</ele><time>2026-09-09T11:26:01.000Z</time></trkpt><trkpt lat="51.3266484" lon="-116.0249136"><ele>1535</ele><time>2026-09-09T11:26:07.000Z</time></trkpt><trkpt lat="51.3267186" lon="-116.0249195"><ele>1536</ele><time>2026-09-09T11:26:14.000Z</time></trkpt><trkpt lat="51.326784" lon="-116.0249358"><ele>1538</ele><time>2026-09-09T11:26:22.000Z</time></trkpt><trkpt lat="51.3268452" lon="-116.0249097"><ele>1540</ele><time>2026-09-09T11:26:33.000Z</time></trkpt><trkpt lat="51.3268844" lon="-116.024829"><ele>1542</ele><time>2026-09-09T11:26:43.000Z</time></trkpt><trkpt lat="51.3269509" lon="-116.0248265"><ele>1544</ele><time>2026-09-09T11:26:55.000Z</time></trkpt><trkpt lat="51.3270126" lon="-116.0247852"><ele>1545</ele><time>2026-09-09T11:27:07.000Z</time></trkpt><trkpt lat="51.327068" lon="-116.0247299"><ele>1547</ele><time>2026-09-09T11:27:16.000Z</time></trkpt><trkpt lat="51.327124" lon="-116.0246689"><ele>1549</ele><time>2026-09-09T11:27:26.000Z</time></trkpt><trkpt lat="51.327183" lon="-116.0246297"><ele>1550</ele><time>2026-09-09T11:27:35.000Z</time></trkpt><trkpt lat="51.327237" lon="-116.0245603"><ele>1552</ele><time>2026-09-09T11:27:44.000Z</time></trkpt><trkpt lat="51.3272718" lon="-116.0244745"><ele>1553</ele><time>2026-09-09T11:27:51.000Z</time></trkpt><trkpt lat="51.3273092" lon="-116.0243926"><ele>1553</ele><time>2026-09-09T11:27:59.000Z</time></trkpt><trkpt lat="51.3273579" lon="-116.0243156"><ele>1555</ele><time>2026-09-09T11:28:09.000Z</time></trkpt><trkpt lat="51.3274192" lon="-116.0242842"><ele>1556</ele><time>2026-09-09T11:28:18.000Z</time></trkpt><trkpt lat="51.3274822" lon="-116.0242776"><ele>1557</ele><time>2026-09-09T11:28:26.000Z</time></trkpt><trkpt lat="51.3275457" lon="-116.0242318"><ele>1558</ele><time>2026-09-09T11:28:34.000Z</time></trkpt><trkpt lat="51.3275962" lon="-116.0241621"><ele>1559</ele><time>2026-09-09T11:28:46.000Z</time></trkpt><trkpt lat="51.3276623" lon="-116.024173"><ele>1560</ele><time>2026-09-09T11:28:56.000Z</time></trkpt><trkpt lat="51.3277117" lon="-116.0241062"><ele>1561</ele><time>2026-09-09T11:29:10.000Z</time></trkpt><trkpt lat="51.3277668" lon="-116.0240325"><ele>1562</ele><time>2026-09-09T11:29:19.000Z</time></trkpt><trkpt lat="51.3278159" lon="-116.023969"><ele>1563</ele><time>2026-09-09T11:29:26.000Z</time></trkpt><trkpt lat="51.3278533" lon="-116.02388"><ele>1565</ele><time>2026-09-09T11:29:36.000Z</time></trkpt><trkpt lat="51.3278802" lon="-116.0237881"><ele>1566</ele><time>2026-09-09T11:29:46.000Z</time></trkpt><trkpt lat="51.3279095" lon="-116.0236975"><ele>1568</ele><time>2026-09-09T11:30:02.000Z</time></trkpt><trkpt lat="51.3279786" lon="-116.0236902"><ele>1570</ele><time>2026-09-09T11:30:13.000Z</time></trkpt><trkpt lat="51.3280389" lon="-116.0237326"><ele>1572</ele><time>2026-09-09T11:30:21.000Z</time></trkpt><trkpt lat="51.3280985" lon="-116.0237939"><ele>1572</ele><time>2026-09-09T11:30:28.000Z</time></trkpt><trkpt lat="51.3281602" lon="-116.0238466"><ele>1572</ele><time>2026-09-09T11:30:35.000Z</time></trkpt><trkpt lat="51.3282247" lon="-116.0238543"><ele>1572</ele><time>2026-09-09T11:30:43.000Z</time></trkpt><trkpt lat="51.3282806" lon="-116.0238035"><ele>1569</ele><time>2026-09-09T11:30:59.000Z</time></trkpt><trkpt lat="51.3283395" lon="-116.023744"><ele>1571</ele><time>2026-09-09T11:31:17.000Z</time></trkpt><trkpt lat="51.3284068" lon="-116.02373"><ele>1574</ele><time>2026-09-09T11:31:31.000Z</time></trkpt><trkpt lat="51.328473" lon="-116.0237047"><ele>1576</ele><time>2026-09-09T11:31:42.000Z</time></trkpt><trkpt lat="51.3285361" lon="-116.0236943"><ele>1577</ele><time>2026-09-09T11:31:49.000Z</time></trkpt><trkpt lat="51.3285993" lon="-116.0236733"><ele>1578</ele><time>2026-09-09T11:31:56.000Z</time></trkpt><trkpt lat="51.3286669" lon="-116.0236596"><ele>1579</ele><time>2026-09-09T11:32:02.000Z</time></trkpt><trkpt lat="51.328732" lon="-116.0236274"><ele>1579</ele><time>2026-09-09T11:32:08.000Z</time></trkpt><trkpt lat="51.3287997" lon="-116.0235816"><ele>1579</ele><time>2026-09-09T11:32:14.000Z</time></trkpt><trkpt lat="51.3288616" lon="-116.0235162"><ele>1579</ele><time>2026-09-09T11:32:20.000Z</time></trkpt><trkpt lat="51.3289124" lon="-116.0234415"><ele>1578</ele><time>2026-09-09T11:32:26.000Z</time></trkpt><trkpt lat="51.3289293" lon="-116.0233326"><ele>1577</ele><time>2026-09-09T11:32:34.000Z</time></trkpt><trkpt lat="51.3289125" lon="-116.0232154"><ele>1581</ele><time>2026-09-09T11:32:57.000Z</time></trkpt><trkpt lat="51.3289256" lon="-116.0231148"><ele>1584</ele><time>2026-09-09T11:33:13.000Z</time></trkpt><trkpt lat="51.3289841" lon="-116.0230532"><ele>1585</ele><time>2026-09-09T11:33:23.000Z</time></trkpt><trkpt lat="51.3290091" lon="-116.0229558"><ele>1586</ele><time>2026-09-09T11:33:30.000Z</time></trkpt><trkpt lat="51.3290427" lon="-116.0228696"><ele>1586</ele><time>2026-09-09T11:33:37.000Z</time></trkpt><trkpt lat="51.3290945" lon="-116.0227965"><ele>1587</ele><time>2026-09-09T11:33:46.000Z</time></trkpt><trkpt lat="51.329146" lon="-116.0227267"><ele>1588</ele><time>2026-09-09T11:33:55.000Z</time></trkpt><trkpt lat="51.3291872" lon="-116.0226339"><ele>1589</ele><time>2026-09-09T11:34:04.000Z</time></trkpt><trkpt lat="51.3292164" lon="-116.0225319"><ele>1590</ele><time>2026-09-09T11:34:12.000Z</time></trkpt><trkpt lat="51.3292398" lon="-116.0224335"><ele>1591</ele><time>2026-09-09T11:34:20.000Z</time></trkpt><trkpt lat="51.3292929" lon="-116.0223624"><ele>1592</ele><time>2026-09-09T11:34:29.000Z</time></trkpt><trkpt lat="51.3293584" lon="-116.022344"><ele>1593</ele><time>2026-09-09T11:34:37.000Z</time></trkpt><trkpt lat="51.3294093" lon="-116.0222825"><ele>1594</ele><time>2026-09-09T11:34:45.000Z</time></trkpt><trkpt lat="51.3294506" lon="-116.0221954"><ele>1595</ele><time>2026-09-09T11:34:53.000Z</time></trkpt><trkpt lat="51.3294964" lon="-116.0221167"><ele>1596</ele><time>2026-09-09T11:35:01.000Z</time></trkpt><trkpt lat="51.3295567" lon="-116.0220841"><ele>1598</ele><time>2026-09-09T11:35:13.000Z</time></trkpt><trkpt lat="51.3296117" lon="-116.0220238"><ele>1599</ele><time>2026-09-09T11:35:23.000Z</time></trkpt><trkpt lat="51.3296618" lon="-116.0219532"><ele>1600</ele><time>2026-09-09T11:35:31.000Z</time></trkpt><trkpt lat="51.3297241" lon="-116.0218993"><ele>1601</ele><time>2026-09-09T11:35:38.000Z</time></trkpt><trkpt lat="51.3297953" lon="-116.0219015"><ele>1601</ele><time>2026-09-09T11:35:45.000Z</time></trkpt><trkpt lat="51.3298616" lon="-116.021899"><ele>1602</ele><time>2026-09-09T11:35:52.000Z</time></trkpt><trkpt lat="51.3299221" lon="-116.0218702"><ele>1603</ele><time>2026-09-09T11:35:58.000Z</time></trkpt><trkpt lat="51.329969" lon="-116.0217998"><ele>1604</ele><time>2026-09-09T11:36:04.000Z</time></trkpt><trkpt lat="51.3300199" lon="-116.021724"><ele>1604</ele><time>2026-09-09T11:36:12.000Z</time></trkpt><trkpt lat="51.330079" lon="-116.0216754"><ele>1605</ele><time>2026-09-09T11:36:23.000Z</time></trkpt><trkpt lat="51.330141" lon="-116.0216936"><ele>1607</ele><time>2026-09-09T11:36:32.000Z</time></trkpt><trkpt lat="51.3302052" lon="-116.0216766"><ele>1607</ele><time>2026-09-09T11:36:40.000Z</time></trkpt><trkpt lat="51.3302608" lon="-116.021617"><ele>1607</ele><time>2026-09-09T11:36:46.000Z</time></trkpt><trkpt lat="51.3303219" lon="-116.0215611"><ele>1608</ele><time>2026-09-09T11:36:52.000Z</time></trkpt><trkpt lat="51.3303879" lon="-116.021529"><ele>1608</ele><time>2026-09-09T11:36:58.000Z</time></trkpt><trkpt lat="51.3304492" lon="-116.0214907"><ele>1608</ele><time>2026-09-09T11:37:04.000Z</time></trkpt><trkpt lat="51.3305093" lon="-116.0214458"><ele>1607</ele><time>2026-09-09T11:37:12.000Z</time></trkpt><trkpt lat="51.3305718" lon="-116.0214196"><ele>1606</ele><time>2026-09-09T11:37:20.000Z</time></trkpt><trkpt lat="51.3306094" lon="-116.0213374"><ele>1606</ele><time>2026-09-09T11:37:30.000Z</time></trkpt><trkpt lat="51.3306171" lon="-116.0212314"><ele>1610</ele><time>2026-09-09T11:37:49.000Z</time></trkpt><trkpt lat="51.3306534" lon="-116.0211428"><ele>1611</ele><time>2026-09-09T11:37:56.000Z</time></trkpt><trkpt lat="51.330714" lon="-116.0210841"><ele>1612</ele><time>2026-09-09T11:38:04.000Z</time></trkpt><trkpt lat="51.3307598" lon="-116.0210094"><ele>1612</ele><time>2026-09-09T11:38:11.000Z</time></trkpt><trkpt lat="51.330809" lon="-116.020928"><ele>1612</ele><time>2026-09-09T11:38:19.000Z</time></trkpt><trkpt lat="51.3308514" lon="-116.0208412"><ele>1614</ele><time>2026-09-09T11:38:45.000Z</time></trkpt><trkpt lat="51.3308739" lon="-116.0207415"><ele>1614</ele><time>2026-09-09T11:38:54.000Z</time></trkpt><trkpt lat="51.3309168" lon="-116.0206578"><ele>1616</ele><time>2026-09-09T11:39:01.000Z</time></trkpt><trkpt lat="51.3309578" lon="-116.0205723"><ele>1618</ele><time>2026-09-09T11:39:08.000Z</time></trkpt><trkpt lat="51.330989" lon="-116.0204765"><ele>1619</ele><time>2026-09-09T11:39:16.000Z</time></trkpt><trkpt lat="51.3309775" lon="-116.0203724"><ele>1621</ele><time>2026-09-09T11:39:26.000Z</time></trkpt><trkpt lat="51.3309689" lon="-116.0202651"><ele>1623</ele><time>2026-09-09T11:39:36.000Z</time></trkpt><trkpt lat="51.3309765" lon="-116.0201563"><ele>1624</ele><time>2026-09-09T11:39:47.000Z</time></trkpt><trkpt lat="51.3309732" lon="-116.0200548"><ele>1624</ele><time>2026-09-09T11:39:55.000Z</time></trkpt><trkpt lat="51.330978" lon="-116.0199488"><ele>1625</ele><time>2026-09-09T11:40:02.000Z</time></trkpt><trkpt lat="51.3309842" lon="-116.0198447"><ele>1626</ele><time>2026-09-09T11:40:08.000Z</time></trkpt><trkpt lat="51.3309883" lon="-116.0197336"><ele>1626</ele><time>2026-09-09T11:40:16.000Z</time></trkpt><trkpt lat="51.3309899" lon="-116.0196278"><ele>1627</ele><time>2026-09-09T11:40:24.000Z</time></trkpt><trkpt lat="51.3309994" lon="-116.0195135"><ele>1627</ele><time>2026-09-09T11:40:32.000Z</time></trkpt><trkpt lat="51.3310137" lon="-116.0193994"><ele>1627</ele><time>2026-09-09T11:40:39.000Z</time></trkpt><trkpt lat="51.3310314" lon="-116.0192978"><ele>1627</ele><time>2026-09-09T11:40:47.000Z</time></trkpt><trkpt lat="51.3310726" lon="-116.0192053"><ele>1629</ele><time>2026-09-09T11:40:56.000Z</time></trkpt><trkpt lat="51.331102" lon="-116.0191088"><ele>1629</ele><time>2026-09-09T11:41:03.000Z</time></trkpt><trkpt lat="51.3311208" lon="-116.0189995"><ele>1630</ele><time>2026-09-09T11:41:10.000Z</time></trkpt><trkpt lat="51.3311333" lon="-116.0189006"><ele>1631</ele><time>2026-09-09T11:41:17.000Z</time></trkpt><trkpt lat="51.3311487" lon="-116.018799"><ele>1631</ele><time>2026-09-09T11:41:24.000Z</time></trkpt><trkpt lat="51.3311548" lon="-116.0186868"><ele>1632</ele><time>2026-09-09T11:41:31.000Z</time></trkpt><trkpt lat="51.3311586" lon="-116.0185797"><ele>1632</ele><time>2026-09-09T11:41:38.000Z</time></trkpt><trkpt lat="51.3311832" lon="-116.0184859"><ele>1633</ele><time>2026-09-09T11:41:45.000Z</time></trkpt><trkpt lat="51.3312336" lon="-116.0184162"><ele>1633</ele><time>2026-09-09T11:41:53.000Z</time></trkpt><trkpt lat="51.3313007" lon="-116.0183911"><ele>1633</ele><time>2026-09-09T11:42:00.000Z</time></trkpt><trkpt lat="51.3313701" lon="-116.0183771"><ele>1634</ele><time>2026-09-09T11:42:08.000Z</time></trkpt><trkpt lat="51.3314291" lon="-116.0183366"><ele>1634</ele><time>2026-09-09T11:42:14.000Z</time></trkpt><trkpt lat="51.331494" lon="-116.0182886"><ele>1634</ele><time>2026-09-09T11:42:21.000Z</time></trkpt><trkpt lat="51.3315649" lon="-116.018277"><ele>1635</ele><time>2026-09-09T11:42:29.000Z</time></trkpt><trkpt lat="51.3316258" lon="-116.0183141"><ele>1636</ele><time>2026-09-09T11:42:36.000Z</time></trkpt><trkpt lat="51.3316909" lon="-116.0183292"><ele>1637</ele><time>2026-09-09T11:42:44.000Z</time></trkpt><trkpt lat="51.3317568" lon="-116.0183136"><ele>1637</ele><time>2026-09-09T11:42:51.000Z</time></trkpt><trkpt lat="51.3318226" lon="-116.0183182"><ele>1637</ele><time>2026-09-09T11:42:57.000Z</time></trkpt><trkpt lat="51.3318907" lon="-116.0183024"><ele>1638</ele><time>2026-09-09T11:43:03.000Z</time></trkpt><trkpt lat="51.3319529" lon="-116.0182711"><ele>1638</ele><time>2026-09-09T11:43:09.000Z</time></trkpt><trkpt lat="51.3320127" lon="-116.0182345"><ele>1638</ele><time>2026-09-09T11:43:15.000Z</time></trkpt><trkpt lat="51.3320637" lon="-116.0181745"><ele>1638</ele><time>2026-09-09T11:43:22.000Z</time></trkpt><trkpt lat="51.3321106" lon="-116.0181053"><ele>1639</ele><time>2026-09-09T11:43:29.000Z</time></trkpt><trkpt lat="51.3321737" lon="-116.0180698"><ele>1639</ele><time>2026-09-09T11:43:38.000Z</time></trkpt><trkpt lat="51.3322418" lon="-116.0180636"><ele>1639</ele><time>2026-09-09T11:43:45.000Z</time></trkpt><trkpt lat="51.3323033" lon="-116.0180207"><ele>1639</ele><time>2026-09-09T11:43:51.000Z</time></trkpt><trkpt lat="51.3323411" lon="-116.0179302"><ele>1638</ele><time>2026-09-09T11:43:57.000Z</time></trkpt><trkpt lat="51.3323789" lon="-116.0178359"><ele>1637</ele><time>2026-09-09T11:44:04.000Z</time></trkpt><trkpt lat="51.3324242" lon="-116.0177467"><ele>1635</ele><time>2026-09-09T11:44:11.000Z</time></trkpt><trkpt lat="51.3324804" lon="-116.0176848"><ele>1634</ele><time>2026-09-09T11:44:18.000Z</time></trkpt><trkpt lat="51.3325316" lon="-116.0176134"><ele>1635</ele><time>2026-09-09T11:44:25.000Z</time></trkpt><trkpt lat="51.3325746" lon="-116.0175241"><ele>1635</ele><time>2026-09-09T11:44:31.000Z</time></trkpt><trkpt lat="51.3325968" lon="-116.0174261"><ele>1636</ele><time>2026-09-09T11:44:37.000Z</time></trkpt><trkpt lat="51.332606" lon="-116.0173215"><ele>1637</ele><time>2026-09-09T11:44:44.000Z</time></trkpt><trkpt lat="51.332613" lon="-116.0172068"><ele>1637</ele><time>2026-09-09T11:44:51.000Z</time></trkpt><trkpt lat="51.3326193" lon="-116.0170897"><ele>1638</ele><time>2026-09-09T11:44:57.000Z</time></trkpt><trkpt lat="51.3326378" lon="-116.0169815"><ele>1638</ele><time>2026-09-09T11:45:03.000Z</time></trkpt><trkpt lat="51.3326999" lon="-116.0169413"><ele>1639</ele><time>2026-09-09T11:45:12.000Z</time></trkpt><trkpt lat="51.3327636" lon="-116.0169047"><ele>1640</ele><time>2026-09-09T11:45:21.000Z</time></trkpt><trkpt lat="51.332833" lon="-116.0169179"><ele>1640</ele><time>2026-09-09T11:45:29.000Z</time></trkpt><trkpt lat="51.3329034" lon="-116.0169343"><ele>1641</ele><time>2026-09-09T11:45:36.000Z</time></trkpt><trkpt lat="51.3329721" lon="-116.0169597"><ele>1642</ele><time>2026-09-09T11:45:42.000Z</time></trkpt><trkpt lat="51.3330427" lon="-116.0169743"><ele>1642</ele><time>2026-09-09T11:45:48.000Z</time></trkpt><trkpt lat="51.3331133" lon="-116.0169614"><ele>1643</ele><time>2026-09-09T11:45:55.000Z</time></trkpt><trkpt lat="51.3331815" lon="-116.0169305"><ele>1643</ele><time>2026-09-09T11:46:02.000Z</time></trkpt><trkpt lat="51.3332454" lon="-116.0169111"><ele>1644</ele><time>2026-09-09T11:46:08.000Z</time></trkpt><trkpt lat="51.3333091" lon="-116.0169049"><ele>1645</ele><time>2026-09-09T11:46:15.000Z</time></trkpt><trkpt lat="51.3333742" lon="-116.0169064"><ele>1646</ele><time>2026-09-09T11:46:23.000Z</time></trkpt><trkpt lat="51.333439" lon="-116.0169167"><ele>1647</ele><time>2026-09-09T11:46:32.000Z</time></trkpt><trkpt lat="51.3335045" lon="-116.0168981"><ele>1647</ele><time>2026-09-09T11:46:43.000Z</time></trkpt><trkpt lat="51.3335685" lon="-116.0168614"><ele>1648</ele><time>2026-09-09T11:46:51.000Z</time></trkpt><trkpt lat="51.3336203" lon="-116.0168014"><ele>1649</ele><time>2026-09-09T11:46:57.000Z</time></trkpt><trkpt lat="51.3336641" lon="-116.0167259"><ele>1649</ele><time>2026-09-09T11:47:03.000Z</time></trkpt><trkpt lat="51.3337098" lon="-116.0166345"><ele>1650</ele><time>2026-09-09T11:47:10.000Z</time></trkpt><trkpt lat="51.3337485" lon="-116.0165512"><ele>1651</ele><time>2026-09-09T11:47:16.000Z</time></trkpt><trkpt lat="51.3337969" lon="-116.0164697"><ele>1651</ele><time>2026-09-09T11:47:24.000Z</time></trkpt><trkpt lat="51.3338229" lon="-116.016375"><ele>1652</ele><time>2026-09-09T11:47:34.000Z</time></trkpt><trkpt lat="51.3338637" lon="-116.0162946"><ele>1653</ele><time>2026-09-09T11:47:44.000Z</time></trkpt><trkpt lat="51.3338999" lon="-116.0162109"><ele>1656</ele><time>2026-09-09T11:48:01.000Z</time></trkpt><trkpt lat="51.3339339" lon="-116.0161251"><ele>1658</ele><time>2026-09-09T11:48:12.000Z</time></trkpt><trkpt lat="51.3339397" lon="-116.016018"><ele>1660</ele><time>2026-09-09T11:48:24.000Z</time></trkpt><trkpt lat="51.333964" lon="-116.0159228"><ele>1661</ele><time>2026-09-09T11:48:35.000Z</time></trkpt><trkpt lat="51.3339947" lon="-116.0158311"><ele>1662</ele><time>2026-09-09T11:48:46.000Z</time></trkpt><trkpt lat="51.3340256" lon="-116.0157396"><ele>1664</ele><time>2026-09-09T11:48:57.000Z</time></trkpt><trkpt lat="51.3340461" lon="-116.0156375"><ele>1665</ele><time>2026-09-09T11:49:09.000Z</time></trkpt><trkpt lat="51.3340766" lon="-116.0155463"><ele>1667</ele><time>2026-09-09T11:49:22.000Z</time></trkpt><trkpt lat="51.3340988" lon="-116.01544"><ele>1670</ele><time>2026-09-09T11:49:39.000Z</time></trkpt><trkpt lat="51.3341156" lon="-116.0153303"><ele>1672</ele><time>2026-09-09T11:49:57.000Z</time></trkpt><trkpt lat="51.3340675" lon="-116.015263"><ele>1672</ele><time>2026-09-09T11:50:06.000Z</time></trkpt><trkpt lat="51.3340144" lon="-116.0152064"><ele>1672</ele><time>2026-09-09T11:50:14.000Z</time></trkpt><trkpt lat="51.3339757" lon="-116.0151216"><ele>1674</ele><time>2026-09-09T11:50:24.000Z</time></trkpt><trkpt lat="51.3339574" lon="-116.0150171"><ele>1676</ele><time>2026-09-09T11:50:37.000Z</time></trkpt><trkpt lat="51.3339415" lon="-116.0149188"><ele>1678</ele><time>2026-09-09T11:50:48.000Z</time></trkpt><trkpt lat="51.3339321" lon="-116.0148115"><ele>1680</ele><time>2026-09-09T11:51:01.000Z</time></trkpt><trkpt lat="51.3339016" lon="-116.0147181"><ele>1682</ele><time>2026-09-09T11:51:13.000Z</time></trkpt><trkpt lat="51.3338609" lon="-116.0146382"><ele>1684</ele><time>2026-09-09T11:51:27.000Z</time></trkpt><trkpt lat="51.3338466" lon="-116.0145312"><ele>1687</ele><time>2026-09-09T11:51:41.000Z</time></trkpt><trkpt lat="51.3338743" lon="-116.0144323"><ele>1688</ele><time>2026-09-09T11:51:58.000Z</time></trkpt><trkpt lat="51.3339048" lon="-116.0143353"><ele>1689</ele><time>2026-09-09T11:52:09.000Z</time></trkpt><trkpt lat="51.333925" lon="-116.0142373"><ele>1690</ele><time>2026-09-09T11:52:19.000Z</time></trkpt><trkpt lat="51.3339488" lon="-116.0141374"><ele>1691</ele><time>2026-09-09T11:52:25.000Z</time></trkpt><trkpt lat="51.3339755" lon="-116.0140346"><ele>1691</ele><time>2026-09-09T11:52:31.000Z</time></trkpt><trkpt lat="51.3339878" lon="-116.0139278"><ele>1691</ele><time>2026-09-09T11:52:39.000Z</time></trkpt><trkpt lat="51.3339613" lon="-116.013835"><ele>1693</ele><time>2026-09-09T11:52:50.000Z</time></trkpt><trkpt lat="51.3339351" lon="-116.0137413"><ele>1695</ele><time>2026-09-09T11:53:01.000Z</time></trkpt><trkpt lat="51.3339275" lon="-116.01364"><ele>1697</ele><time>2026-09-09T11:53:12.000Z</time></trkpt><trkpt lat="51.3339305" lon="-116.0135392"><ele>1699</ele><time>2026-09-09T11:53:24.000Z</time></trkpt><trkpt lat="51.3339888" lon="-116.0134782"><ele>1700</ele><time>2026-09-09T11:53:33.000Z</time></trkpt><trkpt lat="51.3340524" lon="-116.0134542"><ele>1700</ele><time>2026-09-09T11:53:41.000Z</time></trkpt><trkpt lat="51.3340971" lon="-116.0133794"><ele>1703</ele><time>2026-09-09T11:54:00.000Z</time></trkpt><trkpt lat="51.3341274" lon="-116.0132658"><ele>1708</ele><time>2026-09-09T11:54:32.000Z</time></trkpt><trkpt lat="51.3341293" lon="-116.0131595"><ele>1709</ele><time>2026-09-09T11:54:38.000Z</time></trkpt><trkpt lat="51.3341215" lon="-116.0130566"><ele>1711</ele><time>2026-09-09T11:54:50.000Z</time></trkpt><trkpt lat="51.3341049" lon="-116.0129546"><ele>1713</ele><time>2026-09-09T11:55:02.000Z</time></trkpt><trkpt lat="51.3340857" lon="-116.0128462"><ele>1716</ele><time>2026-09-09T11:55:20.000Z</time></trkpt><trkpt lat="51.3340698" lon="-116.0127308"><ele>1718</ele><time>2026-09-09T11:55:35.000Z</time></trkpt><trkpt lat="51.334067" lon="-116.0126228"><ele>1723</ele><time>2026-09-09T11:56:02.000Z</time></trkpt><trkpt lat="51.3340576" lon="-116.0125096"><ele>1725</ele><time>2026-09-09T11:56:15.000Z</time></trkpt><trkpt lat="51.3340507" lon="-116.0124093"><ele>1726</ele><time>2026-09-09T11:56:23.000Z</time></trkpt><trkpt lat="51.3340278" lon="-116.0123073"><ele>1728</ele><time>2026-09-09T11:56:34.000Z</time></trkpt><trkpt lat="51.3339997" lon="-116.0122095"><ele>1730</ele><time>2026-09-09T11:56:44.000Z</time></trkpt><trkpt lat="51.334012" lon="-116.0120984"><ele>1731</ele><time>2026-09-09T11:56:51.000Z</time></trkpt><trkpt lat="51.3340583" lon="-116.0120221"><ele>1732</ele><time>2026-09-09T11:56:58.000Z</time></trkpt><trkpt lat="51.3341039" lon="-116.0119451"><ele>1732</ele><time>2026-09-09T11:57:07.000Z</time></trkpt><trkpt lat="51.3341294" lon="-116.0118419"><ele>1733</ele><time>2026-09-09T11:57:18.000Z</time></trkpt><trkpt lat="51.3341392" lon="-116.0117302"><ele>1734</ele><time>2026-09-09T11:57:28.000Z</time></trkpt><trkpt lat="51.3341519" lon="-116.0116307"><ele>1735</ele><time>2026-09-09T11:57:38.000Z</time></trkpt><trkpt lat="51.3341957" lon="-116.0115521"><ele>1736</ele><time>2026-09-09T11:57:52.000Z</time></trkpt><trkpt lat="51.3342405" lon="-116.0114672"><ele>1736</ele><time>2026-09-09T11:58:00.000Z</time></trkpt><trkpt lat="51.3342865" lon="-116.0113818"><ele>1736</ele><time>2026-09-09T11:58:07.000Z</time></trkpt><trkpt lat="51.3343069" lon="-116.0112832"><ele>1738</ele><time>2026-09-09T11:58:16.000Z</time></trkpt><trkpt lat="51.3343433" lon="-116.0111894"><ele>1739</ele><time>2026-09-09T11:58:31.000Z</time></trkpt><trkpt lat="51.3343893" lon="-116.0111196"><ele>1742</ele><time>2026-09-09T11:58:43.000Z</time></trkpt><trkpt lat="51.3344322" lon="-116.0110411"><ele>1744</ele><time>2026-09-09T11:58:54.000Z</time></trkpt><trkpt lat="51.33449" lon="-116.0109889"><ele>1746</ele><time>2026-09-09T11:59:05.000Z</time></trkpt><trkpt lat="51.3345408" lon="-116.0109285"><ele>1748</ele><time>2026-09-09T11:59:16.000Z</time></trkpt><trkpt lat="51.3345836" lon="-116.0108448"><ele>1749</ele><time>2026-09-09T11:59:27.000Z</time></trkpt><trkpt lat="51.334624" lon="-116.0107594"><ele>1751</ele><time>2026-09-09T11:59:37.000Z</time></trkpt><trkpt lat="51.3346377" lon="-116.0106588"><ele>1753</ele><time>2026-09-09T11:59:55.000Z</time></trkpt><trkpt lat="51.3346603" lon="-116.0105444"><ele>1757</ele><time>2026-09-09T12:00:22.000Z</time></trkpt><trkpt lat="51.3346578" lon="-116.0104428"><ele>1759</ele><time>2026-09-09T12:00:31.000Z</time></trkpt><trkpt lat="51.3346179" lon="-116.010362"><ele>1762</ele><time>2026-09-09T12:00:41.000Z</time></trkpt><trkpt lat="51.3345565" lon="-116.0103343"><ele>1762</ele><time>2026-09-09T12:00:50.000Z</time></trkpt><trkpt lat="51.3344955" lon="-116.010283"><ele>1763</ele><time>2026-09-09T12:00:58.000Z</time></trkpt><trkpt lat="51.3344329" lon="-116.0102303"><ele>1763</ele><time>2026-09-09T12:01:05.000Z</time></trkpt><trkpt lat="51.3343732" lon="-116.0101758"><ele>1764</ele><time>2026-09-09T12:01:12.000Z</time></trkpt><trkpt lat="51.3343141" lon="-116.010105"><ele>1764</ele><time>2026-09-09T12:01:19.000Z</time></trkpt><trkpt lat="51.3342651" lon="-116.010017"><ele>1763</ele><time>2026-09-09T12:01:25.000Z</time></trkpt><trkpt lat="51.3342127" lon="-116.0099408"><ele>1763</ele><time>2026-09-09T12:01:31.000Z</time></trkpt><trkpt lat="51.3341602" lon="-116.0098678"><ele>1763</ele><time>2026-09-09T12:01:37.000Z</time></trkpt><trkpt lat="51.3341304" lon="-116.0097703"><ele>1762</ele><time>2026-09-09T12:01:45.000Z</time></trkpt><trkpt lat="51.3341303" lon="-116.0096638"><ele>1763</ele><time>2026-09-09T12:01:53.000Z</time></trkpt><trkpt lat="51.3341161" lon="-116.0095639"><ele>1765</ele><time>2026-09-09T12:02:05.000Z</time></trkpt><trkpt lat="51.3340931" lon="-116.0094691"><ele>1767</ele><time>2026-09-09T12:02:13.000Z</time></trkpt><trkpt lat="51.334087" lon="-116.009361"><ele>1768</ele><time>2026-09-09T12:02:22.000Z</time></trkpt><trkpt lat="51.3341117" lon="-116.0092609"><ele>1773</ele><time>2026-09-09T12:02:50.000Z</time></trkpt><trkpt lat="51.3341413" lon="-116.0091545"><ele>1777</ele><time>2026-09-09T12:03:14.000Z</time></trkpt><trkpt lat="51.334167" lon="-116.0090515"><ele>1778</ele><time>2026-09-09T12:03:18.000Z</time></trkpt><trkpt lat="51.3342028" lon="-116.0089278"><ele>1783</ele><time>2026-09-09T12:03:50.000Z</time></trkpt><trkpt lat="51.3342532" lon="-116.0088569"><ele>1787</ele><time>2026-09-09T12:04:09.000Z</time></trkpt><trkpt lat="51.3343161" lon="-116.0088331"><ele>1788</ele><time>2026-09-09T12:04:18.000Z</time></trkpt><trkpt lat="51.3343748" lon="-116.0087803"><ele>1791</ele><time>2026-09-09T12:04:33.000Z</time></trkpt><trkpt lat="51.3344308" lon="-116.008719"><ele>1793</ele><time>2026-09-09T12:05:06.000Z</time></trkpt><trkpt lat="51.3344908" lon="-116.0086644"><ele>1794</ele><time>2026-09-09T12:05:16.000Z</time></trkpt><trkpt lat="51.3345406" lon="-116.0085921"><ele>1796</ele><time>2026-09-09T12:05:28.000Z</time></trkpt><trkpt lat="51.3345989" lon="-116.0085382"><ele>1799</ele><time>2026-09-09T12:05:40.000Z</time></trkpt><trkpt lat="51.334653" lon="-116.008474"><ele>1801</ele><time>2026-09-09T12:06:03.000Z</time></trkpt><trkpt lat="51.3346629" lon="-116.0083642"><ele>1804</ele><time>2026-09-09T12:06:18.000Z</time></trkpt><trkpt lat="51.3346746" lon="-116.0082577"><ele>1808</ele><time>2026-09-09T12:06:46.000Z</time></trkpt><trkpt lat="51.3347158" lon="-116.0081738"><ele>1810</ele><time>2026-09-09T12:06:53.000Z</time></trkpt><trkpt lat="51.3347803" lon="-116.0081532"><ele>1811</ele><time>2026-09-09T12:07:03.000Z</time></trkpt><trkpt lat="51.3348406" lon="-116.0081135"><ele>1814</ele><time>2026-09-09T12:07:20.000Z</time></trkpt><trkpt lat="51.3348968" lon="-116.0080512"><ele>1817</ele><time>2026-09-09T12:07:46.000Z</time></trkpt><trkpt lat="51.3349287" lon="-116.0079569"><ele>1819</ele><time>2026-09-09T12:07:58.000Z</time></trkpt><trkpt lat="51.3349748" lon="-116.0078763"><ele>1821</ele><time>2026-09-09T12:08:10.000Z</time></trkpt><trkpt lat="51.3349672" lon="-116.0077552"><ele>1825</ele><time>2026-09-09T12:08:35.000Z</time></trkpt><trkpt lat="51.3349606" lon="-116.0076531"><ele>1826</ele><time>2026-09-09T12:08:45.000Z</time></trkpt><trkpt lat="51.3349558" lon="-116.0075421"><ele>1827</ele><time>2026-09-09T12:08:54.000Z</time></trkpt><trkpt lat="51.3349864" lon="-116.007449"><ele>1829</ele><time>2026-09-09T12:09:04.000Z</time></trkpt><trkpt lat="51.3350029" lon="-116.0073383"><ele>1832</ele><time>2026-09-09T12:09:21.000Z</time></trkpt><trkpt lat="51.335008" lon="-116.0072347"><ele>1833</ele><time>2026-09-09T12:09:32.000Z</time></trkpt><trkpt lat="51.3350035" lon="-116.0071287"><ele>1835</ele><time>2026-09-09T12:09:45.000Z</time></trkpt><trkpt lat="51.3350114" lon="-116.007022"><ele>1837</ele><time>2026-09-09T12:09:59.000Z</time></trkpt><trkpt lat="51.3350108" lon="-116.006916"><ele>1839</ele><time>2026-09-09T12:10:12.000Z</time></trkpt><trkpt lat="51.3350266" lon="-116.0067928"><ele>1842</ele><time>2026-09-09T12:10:34.000Z</time></trkpt><trkpt lat="51.3350289" lon="-116.006689"><ele>1844</ele><time>2026-09-09T12:10:44.000Z</time></trkpt><trkpt lat="51.3350253" lon="-116.0065876"><ele>1846</ele><time>2026-09-09T12:10:55.000Z</time></trkpt><trkpt lat="51.3350577" lon="-116.006499"><ele>1851</ele><time>2026-09-09T12:11:22.000Z</time></trkpt><trkpt lat="51.3351" lon="-116.0064179"><ele>1852</ele><time>2026-09-09T12:11:30.000Z</time></trkpt><trkpt lat="51.3351367" lon="-116.0063335"><ele>1854</ele><time>2026-09-09T12:11:41.000Z</time></trkpt><trkpt lat="51.3351798" lon="-116.0062103"><ele>1861</ele><time>2026-09-09T12:12:22.000Z</time></trkpt><trkpt lat="51.3352169" lon="-116.0061193"><ele>1862</ele><time>2026-09-09T12:12:27.000Z</time></trkpt><trkpt lat="51.335275" lon="-116.0060593"><ele>1864</ele><time>2026-09-09T12:12:38.000Z</time></trkpt><trkpt lat="51.3353252" lon="-116.0059911"><ele>1866</ele><time>2026-09-09T12:12:50.000Z</time></trkpt><trkpt lat="51.3353695" lon="-116.0059099"><ele>1869</ele><time>2026-09-09T12:13:00.000Z</time></trkpt><trkpt lat="51.3354123" lon="-116.0058287"><ele>1870</ele><time>2026-09-09T12:13:11.000Z</time></trkpt><trkpt lat="51.3354203" lon="-116.0057274"><ele>1872</ele><time>2026-09-09T12:13:21.000Z</time></trkpt><trkpt lat="51.3354202" lon="-116.005618"><ele>1874</ele><time>2026-09-09T12:13:29.000Z</time></trkpt><trkpt lat="51.3354193" lon="-116.0055131"><ele>1875</ele><time>2026-09-09T12:13:36.000Z</time></trkpt><trkpt lat="51.335414" lon="-116.0054067"><ele>1875</ele><time>2026-09-09T12:13:43.000Z</time></trkpt><trkpt lat="51.335404" lon="-116.0053059"><ele>1876</ele><time>2026-09-09T12:13:50.000Z</time></trkpt><trkpt lat="51.3353783" lon="-116.0052126"><ele>1877</ele><time>2026-09-09T12:13:58.000Z</time></trkpt><trkpt lat="51.3353409" lon="-116.0051266"><ele>1878</ele><time>2026-09-09T12:14:05.000Z</time></trkpt><trkpt lat="51.3353039" lon="-116.0050257"><ele>1878</ele><time>2026-09-09T12:14:12.000Z</time></trkpt><trkpt lat="51.3352681" lon="-116.0049423"><ele>1878</ele><time>2026-09-09T12:14:17.000Z</time></trkpt><trkpt lat="51.3352162" lon="-116.0048612"><ele>1878</ele><time>2026-09-09T12:14:23.000Z</time></trkpt><trkpt lat="51.3351631" lon="-116.004805"><ele>1878</ele><time>2026-09-09T12:14:28.000Z</time></trkpt><trkpt lat="51.3351137" lon="-116.0047243"><ele>1877</ele><time>2026-09-09T12:14:33.000Z</time></trkpt><trkpt lat="51.3350774" lon="-116.0046331"><ele>1877</ele><time>2026-09-09T12:14:38.000Z</time></trkpt><trkpt lat="51.3350537" lon="-116.0045305"><ele>1878</ele><time>2026-09-09T12:14:44.000Z</time></trkpt><trkpt lat="51.3350166" lon="-116.0044333"><ele>1878</ele><time>2026-09-09T12:14:50.000Z</time></trkpt><trkpt lat="51.3349855" lon="-116.0043446"><ele>1879</ele><time>2026-09-09T12:14:55.000Z</time></trkpt><trkpt lat="51.3349555" lon="-116.0042557"><ele>1879</ele><time>2026-09-09T12:15:00.000Z</time></trkpt><trkpt lat="51.334925" lon="-116.0041543"><ele>1880</ele><time>2026-09-09T12:15:06.000Z</time></trkpt><trkpt lat="51.3349048" lon="-116.0040513"><ele>1880</ele><time>2026-09-09T12:15:12.000Z</time></trkpt><trkpt lat="51.3348957" lon="-116.0039478"><ele>1880</ele><time>2026-09-09T12:15:19.000Z</time></trkpt><trkpt lat="51.3348951" lon="-116.0038416"><ele>1880</ele><time>2026-09-09T12:15:29.000Z</time></trkpt><trkpt lat="51.3348885" lon="-116.0037349"><ele>1879</ele><time>2026-09-09T12:15:35.000Z</time></trkpt><trkpt lat="51.3348865" lon="-116.0036309"><ele>1879</ele><time>2026-09-09T12:15:40.000Z</time></trkpt><trkpt lat="51.3348899" lon="-116.0035166"><ele>1878</ele><time>2026-09-09T12:15:47.000Z</time></trkpt><trkpt lat="51.3348902" lon="-116.0034021"><ele>1879</ele><time>2026-09-09T12:15:54.000Z</time></trkpt><trkpt lat="51.3348936" lon="-116.0032977"><ele>1880</ele><time>2026-09-09T12:16:01.000Z</time></trkpt><trkpt lat="51.3349122" lon="-116.0031903"><ele>1880</ele><time>2026-09-09T12:16:10.000Z</time></trkpt><trkpt lat="51.3349223" lon="-116.0030642"><ele>1879</ele><time>2026-09-09T12:16:26.000Z</time></trkpt><trkpt lat="51.3349222" lon="-116.0029477"><ele>1878</ele><time>2026-09-09T12:16:33.000Z</time></trkpt><trkpt lat="51.3349208" lon="-116.0028258"><ele>1878</ele><time>2026-09-09T12:16:39.000Z</time></trkpt><trkpt lat="51.3349131" lon="-116.0027218"><ele>1878</ele><time>2026-09-09T12:16:44.000Z</time></trkpt><trkpt lat="51.3348881" lon="-116.0026273"><ele>1878</ele><time>2026-09-09T12:16:54.000Z</time></trkpt><trkpt lat="51.3348493" lon="-116.0025387"><ele>1882</ele><time>2026-09-09T12:17:08.000Z</time></trkpt><trkpt lat="51.3348448" lon="-116.002437"><ele>1886</ele><time>2026-09-09T12:17:33.000Z</time></trkpt><trkpt lat="51.3348924" lon="-116.0023602"><ele>1888</ele><time>2026-09-09T12:17:47.000Z</time></trkpt><trkpt lat="51.3349395" lon="-116.0022386"><ele>1895</ele><time>2026-09-09T12:18:26.000Z</time></trkpt><trkpt lat="51.3349805" lon="-116.002125"><ele>1899</ele><time>2026-09-09T12:18:49.000Z</time></trkpt><trkpt lat="51.335025" lon="-116.0020039"><ele>1904</ele><time>2026-09-09T12:19:17.000Z</time></trkpt><trkpt lat="51.335071" lon="-116.0018806"><ele>1908</ele><time>2026-09-09T12:19:40.000Z</time></trkpt><trkpt lat="51.3351078" lon="-116.0017844"><ele>1909</ele><time>2026-09-09T12:19:44.000Z</time></trkpt><trkpt lat="51.3351378" lon="-116.0016958"><ele>1910</ele><time>2026-09-09T12:19:52.000Z</time></trkpt><trkpt lat="51.3351566" lon="-116.0015793"><ele>1914</ele><time>2026-09-09T12:20:15.000Z</time></trkpt><trkpt lat="51.3351788" lon="-116.0014844"><ele>1916</ele><time>2026-09-09T12:20:25.000Z</time></trkpt><trkpt lat="51.3352117" lon="-116.0013962"><ele>1918</ele><time>2026-09-09T12:20:34.000Z</time></trkpt><trkpt lat="51.3352447" lon="-116.0013019"><ele>1920</ele><time>2026-09-09T12:20:46.000Z</time></trkpt><trkpt lat="51.3352593" lon="-116.0011971"><ele>1922</ele><time>2026-09-09T12:21:01.000Z</time></trkpt><trkpt lat="51.3352672" lon="-116.0010879"><ele>1923</ele><time>2026-09-09T12:21:12.000Z</time></trkpt><trkpt lat="51.3353039" lon="-116.001001"><ele>1925</ele><time>2026-09-09T12:21:22.000Z</time></trkpt><trkpt lat="51.3353303" lon="-116.0009023"><ele>1927</ele><time>2026-09-09T12:21:34.000Z</time></trkpt><trkpt lat="51.3353638" lon="-116.000809"><ele>1929</ele><time>2026-09-09T12:21:50.000Z</time></trkpt><trkpt lat="51.3353406" lon="-116.0007105"><ele>1930</ele><time>2026-09-09T12:22:03.000Z</time></trkpt><trkpt lat="51.3353557" lon="-116.0006114"><ele>1932</ele><time>2026-09-09T12:22:14.000Z</time></trkpt><trkpt lat="51.3353878" lon="-116.0005209"><ele>1935</ele><time>2026-09-09T12:22:28.000Z</time></trkpt><trkpt lat="51.3354183" lon="-116.000431"><ele>1937</ele><time>2026-09-09T12:22:38.000Z</time></trkpt><trkpt lat="51.3354359" lon="-116.0003236"><ele>1939</ele><time>2026-09-09T12:22:48.000Z</time></trkpt><trkpt lat="51.335429" lon="-116.0002222"><ele>1940</ele><time>2026-09-09T12:22:57.000Z</time></trkpt><trkpt lat="51.3354243" lon="-116.0001197"><ele>1941</ele><time>2026-09-09T12:23:06.000Z</time></trkpt><trkpt lat="51.3354503" lon="-116.0000123"><ele>1945</ele><time>2026-09-09T12:23:26.000Z</time></trkpt><trkpt lat="51.3354676" lon="-115.999907"><ele>1947</ele><time>2026-09-09T12:23:36.000Z</time></trkpt><trkpt lat="51.3355093" lon="-115.99982"><ele>1948</ele><time>2026-09-09T12:23:47.000Z</time></trkpt><trkpt lat="51.3355364" lon="-115.9997284"><ele>1950</ele><time>2026-09-09T12:23:59.000Z</time></trkpt><trkpt lat="51.3355708" lon="-115.9996388"><ele>1952</ele><time>2026-09-09T12:24:09.000Z</time></trkpt><trkpt lat="51.3356161" lon="-115.9995679"><ele>1953</ele><time>2026-09-09T12:24:17.000Z</time></trkpt><trkpt lat="51.3356645" lon="-115.9994944"><ele>1954</ele><time>2026-09-09T12:24:26.000Z</time></trkpt><trkpt lat="51.3357155" lon="-115.9994307"><ele>1955</ele><time>2026-09-09T12:24:35.000Z</time></trkpt><trkpt lat="51.3357664" lon="-115.9993528"><ele>1957</ele><time>2026-09-09T12:24:44.000Z</time></trkpt><trkpt lat="51.3358014" lon="-115.9992552"><ele>1958</ele><time>2026-09-09T12:24:52.000Z</time></trkpt><trkpt lat="51.3358257" lon="-115.9991561"><ele>1959</ele><time>2026-09-09T12:25:01.000Z</time></trkpt><trkpt lat="51.3358527" lon="-115.9990516"><ele>1960</ele><time>2026-09-09T12:25:10.000Z</time></trkpt><trkpt lat="51.335871" lon="-115.9989459"><ele>1962</ele><time>2026-09-09T12:25:20.000Z</time></trkpt><trkpt lat="51.3358848" lon="-115.998845"><ele>1964</ele><time>2026-09-09T12:25:32.000Z</time></trkpt><trkpt lat="51.335894" lon="-115.9987426"><ele>1966</ele><time>2026-09-09T12:25:44.000Z</time></trkpt><trkpt lat="51.335908" lon="-115.998639"><ele>1968</ele><time>2026-09-09T12:25:56.000Z</time></trkpt><trkpt lat="51.3359288" lon="-115.9985436"><ele>1969</ele><time>2026-09-09T12:26:11.000Z</time></trkpt><trkpt lat="51.3359586" lon="-115.9984431"><ele>1972</ele><time>2026-09-09T12:26:35.000Z</time></trkpt><trkpt lat="51.3359557" lon="-115.9983365"><ele>1973</ele><time>2026-09-09T12:26:44.000Z</time></trkpt><trkpt lat="51.3359466" lon="-115.9982351"><ele>1974</ele><time>2026-09-09T12:26:57.000Z</time></trkpt><trkpt lat="51.3359636" lon="-115.9981369"><ele>1977</ele><time>2026-09-09T12:27:08.000Z</time></trkpt><trkpt lat="51.3360107" lon="-115.9980321"><ele>1981</ele><time>2026-09-09T12:27:33.000Z</time></trkpt><trkpt lat="51.3360197" lon="-115.9979316"><ele>1983</ele><time>2026-09-09T12:27:43.000Z</time></trkpt><trkpt lat="51.3360253" lon="-115.9978225"><ele>1985</ele><time>2026-09-09T12:27:59.000Z</time></trkpt><trkpt lat="51.3360613" lon="-115.9977291"><ele>1987</ele><time>2026-09-09T12:28:10.000Z</time></trkpt><trkpt lat="51.3360921" lon="-115.9976359"><ele>1989</ele><time>2026-09-09T12:28:21.000Z</time></trkpt><trkpt lat="51.3361104" lon="-115.9975345"><ele>1991</ele><time>2026-09-09T12:28:32.000Z</time></trkpt><trkpt lat="51.3361134" lon="-115.9974284"><ele>1992</ele><time>2026-09-09T12:28:40.000Z</time></trkpt><trkpt lat="51.3361214" lon="-115.9973284"><ele>1993</ele><time>2026-09-09T12:28:49.000Z</time></trkpt><trkpt lat="51.3361466" lon="-115.9972296"><ele>1995</ele><time>2026-09-09T12:29:01.000Z</time></trkpt><trkpt lat="51.3361702" lon="-115.9971281"><ele>1997</ele><time>2026-09-09T12:29:12.000Z</time></trkpt><trkpt lat="51.3361915" lon="-115.9970229"><ele>1999</ele><time>2026-09-09T12:29:31.000Z</time></trkpt><trkpt lat="51.3361957" lon="-115.9969177"><ele>2000</ele><time>2026-09-09T12:29:40.000Z</time></trkpt><trkpt lat="51.3361871" lon="-115.996807"><ele>2002</ele><time>2026-09-09T12:29:51.000Z</time></trkpt><trkpt lat="51.3361706" lon="-115.9967081"><ele>2003</ele><time>2026-09-09T12:29:59.000Z</time></trkpt><trkpt lat="51.3361621" lon="-115.9965992"><ele>2004</ele><time>2026-09-09T12:30:07.000Z</time></trkpt><trkpt lat="51.3361556" lon="-115.9964906"><ele>2004</ele><time>2026-09-09T12:30:19.000Z</time></trkpt><trkpt lat="51.3361721" lon="-115.9963824"><ele>2006</ele><time>2026-09-09T12:30:31.000Z</time></trkpt><trkpt lat="51.3361726" lon="-115.9962663"><ele>2008</ele><time>2026-09-09T12:30:39.000Z</time></trkpt><trkpt lat="51.3361658" lon="-115.9961647"><ele>2008</ele><time>2026-09-09T12:30:45.000Z</time></trkpt><trkpt lat="51.336155" lon="-115.9960525"><ele>2008</ele><time>2026-09-09T12:30:52.000Z</time></trkpt><trkpt lat="51.3361367" lon="-115.995942"><ele>2007</ele><time>2026-09-09T12:30:59.000Z</time></trkpt><trkpt lat="51.3361423" lon="-115.9958296"><ele>2005</ele><time>2026-09-09T12:31:06.000Z</time></trkpt><trkpt lat="51.3361579" lon="-115.9957194"><ele>2005</ele><time>2026-09-09T12:31:12.000Z</time></trkpt><trkpt lat="51.3361755" lon="-115.9956125"><ele>2005</ele><time>2026-09-09T12:31:19.000Z</time></trkpt><trkpt lat="51.3361911" lon="-115.9955082"><ele>2007</ele><time>2026-09-09T12:31:28.000Z</time></trkpt><trkpt lat="51.3362044" lon="-115.9953983"><ele>2008</ele><time>2026-09-09T12:31:36.000Z</time></trkpt><trkpt lat="51.3362249" lon="-115.9952896"><ele>2009</ele><time>2026-09-09T12:31:44.000Z</time></trkpt><trkpt lat="51.336236" lon="-115.9951801"><ele>2010</ele><time>2026-09-09T12:31:52.000Z</time></trkpt><trkpt lat="51.3362461" lon="-115.9950727"><ele>2011</ele><time>2026-09-09T12:32:01.000Z</time></trkpt><trkpt lat="51.3362659" lon="-115.9949728"><ele>2012</ele><time>2026-09-09T12:32:10.000Z</time></trkpt><trkpt lat="51.3362738" lon="-115.9948658"><ele>2013</ele><time>2026-09-09T12:32:17.000Z</time></trkpt><trkpt lat="51.3362865" lon="-115.9947609"><ele>2014</ele><time>2026-09-09T12:32:24.000Z</time></trkpt><trkpt lat="51.3363264" lon="-115.9946798"><ele>2015</ele><time>2026-09-09T12:32:33.000Z</time></trkpt><trkpt lat="51.3363648" lon="-115.9945849"><ele>2015</ele><time>2026-09-09T12:32:42.000Z</time></trkpt><trkpt lat="51.3364026" lon="-115.994499"><ele>2015</ele><time>2026-09-09T12:32:49.000Z</time></trkpt><trkpt lat="51.3364477" lon="-115.9944198"><ele>2015</ele><time>2026-09-09T12:32:56.000Z</time></trkpt><trkpt lat="51.3364992" lon="-115.9943563"><ele>2015</ele><time>2026-09-09T12:33:04.000Z</time></trkpt><trkpt lat="51.3365417" lon="-115.9942759"><ele>2014</ele><time>2026-09-09T12:33:11.000Z</time></trkpt><trkpt lat="51.3365836" lon="-115.994175"><ele>2012</ele><time>2026-09-09T12:33:17.000Z</time></trkpt><trkpt lat="51.3366441" lon="-115.9941111"><ele>2012</ele><time>2026-09-09T12:33:23.000Z</time></trkpt><trkpt lat="51.3366969" lon="-115.9940541"><ele>2013</ele><time>2026-09-09T12:33:30.000Z</time></trkpt><trkpt lat="51.3367477" lon="-115.9939891"><ele>2014</ele><time>2026-09-09T12:33:38.000Z</time></trkpt><trkpt lat="51.3367852" lon="-115.9939031"><ele>2013</ele><time>2026-09-09T12:33:44.000Z</time></trkpt><trkpt lat="51.3368174" lon="-115.9938102"><ele>2012</ele><time>2026-09-09T12:33:52.000Z</time></trkpt><trkpt lat="51.3368484" lon="-115.9937209"><ele>2010</ele><time>2026-09-09T12:33:59.000Z</time></trkpt><trkpt lat="51.3368752" lon="-115.9936086"><ele>2007</ele><time>2026-09-09T12:34:31.000Z</time></trkpt><trkpt lat="51.3369104" lon="-115.9935226"><ele>2008</ele><time>2026-09-09T12:34:38.000Z</time></trkpt><trkpt lat="51.3369663" lon="-115.9934621"><ele>2009</ele><time>2026-09-09T12:34:53.000Z</time></trkpt><trkpt lat="51.3370201" lon="-115.9933853"><ele>2010</ele><time>2026-09-09T12:35:01.000Z</time></trkpt><trkpt lat="51.3370688" lon="-115.9933055"><ele>2011</ele><time>2026-09-09T12:35:08.000Z</time></trkpt><trkpt lat="51.3371079" lon="-115.9932207"><ele>2012</ele><time>2026-09-09T12:35:14.000Z</time></trkpt><trkpt lat="51.3371494" lon="-115.9931436"><ele>2012</ele><time>2026-09-09T12:35:20.000Z</time></trkpt><trkpt lat="51.3371822" lon="-115.9930543"><ele>2013</ele><time>2026-09-09T12:35:26.000Z</time></trkpt><trkpt lat="51.3372071" lon="-115.9929604"><ele>2013</ele><time>2026-09-09T12:35:32.000Z</time></trkpt><trkpt lat="51.3372397" lon="-115.9928723"><ele>2014</ele><time>2026-09-09T12:35:41.000Z</time></trkpt><trkpt lat="51.3372877" lon="-115.9928048"><ele>2014</ele><time>2026-09-09T12:36:06.000Z</time></trkpt><trkpt lat="51.3373261" lon="-115.992714"><ele>2014</ele><time>2026-09-09T12:36:14.000Z</time></trkpt><trkpt lat="51.3373382" lon="-115.992602"><ele>2015</ele><time>2026-09-09T12:36:22.000Z</time></trkpt><trkpt lat="51.3373449" lon="-115.9924985"><ele>2016</ele><time>2026-09-09T12:36:28.000Z</time></trkpt><trkpt lat="51.3373968" lon="-115.9924253"><ele>2017</ele><time>2026-09-09T12:36:37.000Z</time></trkpt><trkpt lat="51.3374601" lon="-115.9923576"><ele>2018</ele><time>2026-09-09T12:37:03.000Z</time></trkpt><trkpt lat="51.3375149" lon="-115.9923044"><ele>2020</ele><time>2026-09-09T12:37:16.000Z</time></trkpt><trkpt lat="51.3375745" lon="-115.9922531"><ele>2023</ele><time>2026-09-09T12:37:32.000Z</time></trkpt><trkpt lat="51.3376258" lon="-115.9921862"><ele>2025</ele><time>2026-09-09T12:37:43.000Z</time></trkpt><trkpt lat="51.3376611" lon="-115.9920908"><ele>2028</ele><time>2026-09-09T12:38:00.000Z</time></trkpt><trkpt lat="51.3376891" lon="-115.9920005"><ele>2030</ele><time>2026-09-09T12:38:11.000Z</time></trkpt><trkpt lat="51.3376944" lon="-115.99189"><ele>2033</ele><time>2026-09-09T12:38:32.000Z</time></trkpt><trkpt lat="51.3377345" lon="-115.9918082"><ele>2035</ele><time>2026-09-09T12:38:44.000Z</time></trkpt><trkpt lat="51.3377753" lon="-115.991716"><ele>2037</ele><time>2026-09-09T12:38:52.000Z</time></trkpt><trkpt lat="51.3378098" lon="-115.9916108"><ele>2037</ele><time>2026-09-09T12:38:58.000Z</time></trkpt><trkpt lat="51.3378257" lon="-115.991496"><ele>2036</ele><time>2026-09-09T12:39:04.000Z</time></trkpt><trkpt lat="51.3378485" lon="-115.9913936"><ele>2035</ele><time>2026-09-09T12:39:10.000Z</time></trkpt><trkpt lat="51.3378842" lon="-115.9912973"><ele>2035</ele><time>2026-09-09T12:39:16.000Z</time></trkpt><trkpt lat="51.3379264" lon="-115.9912064"><ele>2036</ele><time>2026-09-09T12:39:25.000Z</time></trkpt><trkpt lat="51.3379707" lon="-115.991124"><ele>2037</ele><time>2026-09-09T12:39:33.000Z</time></trkpt><trkpt lat="51.338038" lon="-115.9911133"><ele>2038</ele><time>2026-09-09T12:39:45.000Z</time></trkpt><trkpt lat="51.3380932" lon="-115.9910454"><ele>2039</ele><time>2026-09-09T12:39:54.000Z</time></trkpt><trkpt lat="51.3381471" lon="-115.9909726"><ele>2041</ele><time>2026-09-09T12:40:03.000Z</time></trkpt><trkpt lat="51.3381942" lon="-115.9909051"><ele>2043</ele><time>2026-09-09T12:40:11.000Z</time></trkpt><trkpt lat="51.3382368" lon="-115.9908176"><ele>2045</ele><time>2026-09-09T12:40:20.000Z</time></trkpt><trkpt lat="51.3383014" lon="-115.9907847"><ele>2046</ele><time>2026-09-09T12:40:30.000Z</time></trkpt><trkpt lat="51.3383517" lon="-115.9907219"><ele>2047</ele><time>2026-09-09T12:40:38.000Z</time></trkpt><trkpt lat="51.3383939" lon="-115.9906455"><ele>2048</ele><time>2026-09-09T12:40:46.000Z</time></trkpt><trkpt lat="51.338447" lon="-115.9905814"><ele>2049</ele><time>2026-09-09T12:40:55.000Z</time></trkpt><trkpt lat="51.3385085" lon="-115.9905365"><ele>2051</ele><time>2026-09-09T12:41:05.000Z</time></trkpt><trkpt lat="51.3385663" lon="-115.9904957"><ele>2053</ele><time>2026-09-09T12:41:13.000Z</time></trkpt><trkpt lat="51.3386229" lon="-115.990449"><ele>2054</ele><time>2026-09-09T12:41:22.000Z</time></trkpt><trkpt lat="51.3386817" lon="-115.9903906"><ele>2055</ele><time>2026-09-09T12:41:41.000Z</time></trkpt><trkpt lat="51.338762" lon="-115.9903114"><ele>2056</ele><time>2026-09-09T12:41:47.000Z</time></trkpt><trkpt lat="51.3388062" lon="-115.9902253"><ele>2058</ele><time>2026-09-09T12:41:52.000Z</time></trkpt><trkpt lat="51.33882" lon="-115.9901184"><ele>2060</ele><time>2026-09-09T12:42:00.000Z</time></trkpt><trkpt lat="51.3388445" lon="-115.9900227"><ele>2061</ele><time>2026-09-09T12:42:08.000Z</time></trkpt><trkpt lat="51.3388766" lon="-115.9899284"><ele>2062</ele><time>2026-09-09T12:42:16.000Z</time></trkpt><trkpt lat="51.3389053" lon="-115.9898295"><ele>2063</ele><time>2026-09-09T12:42:24.000Z</time></trkpt><trkpt lat="51.3389213" lon="-115.989725"><ele>2064</ele><time>2026-09-09T12:42:31.000Z</time></trkpt><trkpt lat="51.3389479" lon="-115.989633"><ele>2064</ele><time>2026-09-09T12:42:37.000Z</time></trkpt><trkpt lat="51.338992" lon="-115.989542"><ele>2065</ele><time>2026-09-09T12:42:44.000Z</time></trkpt><trkpt lat="51.3390276" lon="-115.9894541"><ele>2065</ele><time>2026-09-09T12:42:50.000Z</time></trkpt><trkpt lat="51.3390682" lon="-115.9893578"><ele>2065</ele><time>2026-09-09T12:42:57.000Z</time></trkpt><trkpt lat="51.3391028" lon="-115.9892665"><ele>2064</ele><time>2026-09-09T12:43:04.000Z</time></trkpt><trkpt lat="51.3391333" lon="-115.9891781"><ele>2063</ele><time>2026-09-09T12:43:12.000Z</time></trkpt><trkpt lat="51.3391544" lon="-115.9890722"><ele>2063</ele><time>2026-09-09T12:43:18.000Z</time></trkpt><trkpt lat="51.3391936" lon="-115.9889761"><ele>2063</ele><time>2026-09-09T12:43:24.000Z</time></trkpt><trkpt lat="51.3392225" lon="-115.9888767"><ele>2063</ele><time>2026-09-09T12:43:30.000Z</time></trkpt><trkpt lat="51.3392357" lon="-115.9887659"><ele>2062</ele><time>2026-09-09T12:43:37.000Z</time></trkpt><trkpt lat="51.3392764" lon="-115.9886858"><ele>2062</ele><time>2026-09-09T12:43:43.000Z</time></trkpt><trkpt lat="51.3392857" lon="-115.9885745"><ele>2062</ele><time>2026-09-09T12:43:49.000Z</time></trkpt><trkpt lat="51.3393067" lon="-115.9884757"><ele>2061</ele><time>2026-09-09T12:43:54.000Z</time></trkpt><trkpt lat="51.3393341" lon="-115.9883778"><ele>2061</ele><time>2026-09-09T12:44:00.000Z</time></trkpt><trkpt lat="51.3393571" lon="-115.9882705"><ele>2061</ele><time>2026-09-09T12:44:07.000Z</time></trkpt><trkpt lat="51.3393908" lon="-115.9881807"><ele>2062</ele><time>2026-09-09T12:44:14.000Z</time></trkpt><trkpt lat="51.3394178" lon="-115.9880771"><ele>2062</ele><time>2026-09-09T12:44:21.000Z</time></trkpt><trkpt lat="51.3394524" lon="-115.9879845"><ele>2062</ele><time>2026-09-09T12:44:27.000Z</time></trkpt><trkpt lat="51.3394949" lon="-115.9878906"><ele>2063</ele><time>2026-09-09T12:44:34.000Z</time></trkpt><trkpt lat="51.3395329" lon="-115.9878096"><ele>2064</ele><time>2026-09-09T12:44:41.000Z</time></trkpt><trkpt lat="51.3395833" lon="-115.987737"><ele>2065</ele><time>2026-09-09T12:44:48.000Z</time></trkpt><trkpt lat="51.3396168" lon="-115.9876513"><ele>2066</ele><time>2026-09-09T12:44:54.000Z</time></trkpt><trkpt lat="51.3396601" lon="-115.9875647"><ele>2067</ele><time>2026-09-09T12:45:00.000Z</time></trkpt><trkpt lat="51.3396947" lon="-115.9874688"><ele>2067</ele><time>2026-09-09T12:45:06.000Z</time></trkpt><trkpt lat="51.3397323" lon="-115.9873861"><ele>2068</ele><time>2026-09-09T12:45:12.000Z</time></trkpt><trkpt lat="51.3397453" lon="-115.9872741"><ele>2068</ele><time>2026-09-09T12:45:19.000Z</time></trkpt><trkpt lat="51.3397527" lon="-115.9871675"><ele>2068</ele><time>2026-09-09T12:45:24.000Z</time></trkpt><trkpt lat="51.3397792" lon="-115.9870603"><ele>2067</ele><time>2026-09-09T12:45:30.000Z</time></trkpt><trkpt lat="51.3398145" lon="-115.9869764"><ele>2067</ele><time>2026-09-09T12:45:43.000Z</time></trkpt><trkpt lat="51.3398439" lon="-115.9868872"><ele>2067</ele><time>2026-09-09T12:45:49.000Z</time></trkpt><trkpt lat="51.339888" lon="-115.9868036"><ele>2068</ele><time>2026-09-09T12:45:55.000Z</time></trkpt><trkpt lat="51.3399284" lon="-115.9867233"><ele>2068</ele><time>2026-09-09T12:46:00.000Z</time></trkpt><trkpt lat="51.3399645" lon="-115.9866278"><ele>2068</ele><time>2026-09-09T12:46:05.000Z</time></trkpt><trkpt lat="51.3399801" lon="-115.9865102"><ele>2068</ele><time>2026-09-09T12:46:11.000Z</time></trkpt><trkpt lat="51.3400192" lon="-115.9864093"><ele>2068</ele><time>2026-09-09T12:46:17.000Z</time></trkpt><trkpt lat="51.3400562" lon="-115.9863207"><ele>2068</ele><time>2026-09-09T12:46:22.000Z</time></trkpt><trkpt lat="51.3400745" lon="-115.9862096"><ele>2068</ele><time>2026-09-09T12:46:28.000Z</time></trkpt><trkpt lat="51.3401043" lon="-115.986118"><ele>2068</ele><time>2026-09-09T12:46:35.000Z</time></trkpt><trkpt lat="51.3401198" lon="-115.9860145"><ele>2068</ele><time>2026-09-09T12:46:40.000Z</time></trkpt><trkpt lat="51.3401435" lon="-115.9859201"><ele>2068</ele><time>2026-09-09T12:46:45.000Z</time></trkpt><trkpt lat="51.3401803" lon="-115.9858299"><ele>2068</ele><time>2026-09-09T12:46:51.000Z</time></trkpt><trkpt lat="51.3402259" lon="-115.9857406"><ele>2068</ele><time>2026-09-09T12:46:57.000Z</time></trkpt><trkpt lat="51.3402636" lon="-115.9856576"><ele>2068</ele><time>2026-09-09T12:47:03.000Z</time></trkpt><trkpt lat="51.3403031" lon="-115.9855675"><ele>2069</ele><time>2026-09-09T12:47:10.000Z</time></trkpt><trkpt lat="51.3403395" lon="-115.9854676"><ele>2069</ele><time>2026-09-09T12:47:17.000Z</time></trkpt><trkpt lat="51.3403569" lon="-115.9853624"><ele>2070</ele><time>2026-09-09T12:47:23.000Z</time></trkpt><trkpt lat="51.340373" lon="-115.9852645"><ele>2071</ele><time>2026-09-09T12:47:29.000Z</time></trkpt><trkpt lat="51.3403897" lon="-115.9851581"><ele>2072</ele><time>2026-09-09T12:47:36.000Z</time></trkpt><trkpt lat="51.3403769" lon="-115.9850483"><ele>2072</ele><time>2026-09-09T12:47:51.000Z</time></trkpt><trkpt lat="51.3403909" lon="-115.9849471"><ele>2072</ele><time>2026-09-09T12:48:02.000Z</time></trkpt><trkpt lat="51.3403337" lon="-115.9848968"><ele>2072</ele><time>2026-09-09T12:48:11.000Z</time></trkpt><trkpt lat="51.3402723" lon="-115.9848537"><ele>2071</ele><time>2026-09-09T12:48:19.000Z</time></trkpt><trkpt lat="51.3402302" lon="-115.9847746"><ele>2070</ele><time>2026-09-09T12:48:32.000Z</time></trkpt><trkpt lat="51.3401579" lon="-115.9847437"><ele>2070</ele><time>2026-09-09T12:50:09.000Z</time></trkpt><trkpt lat="51.3400912" lon="-115.9847613"><ele>2070</ele><time>2026-09-09T12:50:19.000Z</time></trkpt><trkpt lat="51.3400258" lon="-115.9847779"><ele>2073</ele><time>2026-09-09T12:58:41.000Z</time></trkpt><trkpt lat="51.3399633" lon="-115.984807"><ele>2074</ele><time>2026-09-09T12:58:51.000Z</time></trkpt><trkpt lat="51.3398934" lon="-115.9848003"><ele>2076</ele><time>2026-09-09T12:59:01.000Z</time></trkpt><trkpt lat="51.3398294" lon="-115.9848017"><ele>2077</ele><time>2026-09-09T12:59:11.000Z</time></trkpt><trkpt lat="51.3397693" lon="-115.9847539"><ele>2080</ele><time>2026-09-09T12:59:24.000Z</time></trkpt><trkpt lat="51.339728" lon="-115.9846746"><ele>2082</ele><time>2026-09-09T12:59:35.000Z</time></trkpt><trkpt lat="51.3396847" lon="-115.984592"><ele>2084</ele><time>2026-09-09T13:00:08.000Z</time></trkpt><trkpt lat="51.3396272" lon="-115.984548"><ele>2085</ele><time>2026-09-09T13:00:18.000Z</time></trkpt><trkpt lat="51.3395803" lon="-115.9844698"><ele>2087</ele><time>2026-09-09T13:00:31.000Z</time></trkpt><trkpt lat="51.3395305" lon="-115.9843985"><ele>2090</ele><time>2026-09-09T13:00:44.000Z</time></trkpt><trkpt lat="51.339486" lon="-115.9843159"><ele>2093</ele><time>2026-09-09T13:01:01.000Z</time></trkpt><trkpt lat="51.3394327" lon="-115.9842607"><ele>2097</ele><time>2026-09-09T13:01:20.000Z</time></trkpt><trkpt lat="51.33938" lon="-115.9841877"><ele>2102</ele><time>2026-09-09T13:02:11.000Z</time></trkpt><trkpt lat="51.3393234" lon="-115.9841273"><ele>2104</ele><time>2026-09-09T13:02:20.000Z</time></trkpt><trkpt lat="51.3392902" lon="-115.9840229"><ele>2108</ele><time>2026-09-09T13:02:45.000Z</time></trkpt><trkpt lat="51.3392394" lon="-115.9839174"><ele>2112</ele><time>2026-09-09T13:03:08.000Z</time></trkpt><trkpt lat="51.3392009" lon="-115.9838093"><ele>2116</ele><time>2026-09-09T13:03:36.000Z</time></trkpt><trkpt lat="51.3391761" lon="-115.9836851"><ele>2121</ele><time>2026-09-09T13:04:08.000Z</time></trkpt><trkpt lat="51.3391609" lon="-115.9835576"><ele>2126</ele><time>2026-09-09T13:04:47.000Z</time></trkpt><trkpt lat="51.3391377" lon="-115.9834553"><ele>2128</ele><time>2026-09-09T13:04:54.000Z</time></trkpt><trkpt lat="51.3390956" lon="-115.9833631"><ele>2135</ele><time>2026-09-09T13:05:48.000Z</time></trkpt><trkpt lat="51.3390347" lon="-115.9832733"><ele>2140</ele><time>2026-09-09T13:06:23.000Z</time></trkpt><trkpt lat="51.3389689" lon="-115.983121"><ele>2148</ele><time>2026-09-09T13:07:29.000Z</time></trkpt><trkpt lat="51.33893" lon="-115.9829251"><ele>2158</ele><time>2026-09-09T13:08:43.000Z</time></trkpt><trkpt lat="51.3388992" lon="-115.9828019"><ele>2160</ele><time>2026-09-09T13:08:57.000Z</time></trkpt><trkpt lat="51.3388544" lon="-115.9826686"><ele>2165</ele><time>2026-09-09T13:09:48.000Z</time></trkpt><trkpt lat="51.3388097" lon="-115.9825151"><ele>2176</ele><time>2026-09-09T13:10:58.000Z</time></trkpt><trkpt lat="51.338777" lon="-115.9824227"><ele>2177</ele><time>2026-09-09T13:11:05.000Z</time></trkpt><trkpt lat="51.3387333" lon="-115.9823488"><ele>2178</ele><time>2026-09-09T13:11:10.000Z</time></trkpt><trkpt lat="51.3386971" lon="-115.982241"><ele>2182</ele><time>2026-09-09T13:11:57.000Z</time></trkpt><trkpt lat="51.3386657" lon="-115.9820829"><ele>2191</ele><time>2026-09-09T13:12:44.000Z</time></trkpt><trkpt lat="51.3386035" lon="-115.9819221"><ele>2202</ele><time>2026-09-09T13:14:05.000Z</time></trkpt><trkpt lat="51.3385629" lon="-115.9818411"><ele>2207</ele><time>2026-09-09T13:14:32.000Z</time></trkpt><trkpt lat="51.3385144" lon="-115.9817473"><ele>2207</ele><time>2026-09-09T13:15:05.000Z</time></trkpt><trkpt lat="51.3384552" lon="-115.9816417"><ele>2211</ele><time>2026-09-09T13:15:30.000Z</time></trkpt><trkpt lat="51.3384117" lon="-115.9815607"><ele>2213</ele><time>2026-09-09T13:15:59.000Z</time></trkpt><trkpt lat="51.3383429" lon="-115.9815463"><ele>2217</ele><time>2026-09-09T13:16:22.000Z</time></trkpt><trkpt lat="51.3382853" lon="-115.9815912"><ele>2218</ele><time>2026-09-09T13:16:33.000Z</time></trkpt><trkpt lat="51.3382238" lon="-115.9816287"><ele>2220</ele><time>2026-09-09T13:16:56.000Z</time></trkpt><trkpt lat="51.338162" lon="-115.9816741"><ele>2224</ele><time>2026-09-09T13:17:34.000Z</time></trkpt><trkpt lat="51.3380896" lon="-115.9817533"><ele>2227</ele><time>2026-09-09T13:17:52.000Z</time></trkpt><trkpt lat="51.3380415" lon="-115.9818751"><ele>2230</ele><time>2026-09-09T13:18:24.000Z</time></trkpt><trkpt lat="51.3379803" lon="-115.9819814"><ele>2241</ele><time>2026-09-09T13:19:31.000Z</time></trkpt><trkpt lat="51.3379335" lon="-115.9820641"><ele>2242</ele><time>2026-09-09T13:19:34.000Z</time></trkpt><trkpt lat="51.3378746" lon="-115.9821252"><ele>2245</ele><time>2026-09-09T13:20:11.000Z</time></trkpt><trkpt lat="51.337818" lon="-115.9821696"><ele>2253</ele><time>2026-09-09T13:20:40.000Z</time></trkpt><trkpt lat="51.3377541" lon="-115.98221"><ele>2256</ele><time>2026-09-09T13:21:08.000Z</time></trkpt><trkpt lat="51.3376956" lon="-115.9822902"><ele>2263</ele><time>2026-09-09T13:21:55.000Z</time></trkpt><trkpt lat="51.337632" lon="-115.9823755"><ele>2268</ele><time>2026-09-09T13:22:22.000Z</time></trkpt><trkpt lat="51.3375631" lon="-115.9824139"><ele>2271</ele><time>2026-09-09T13:22:44.000Z</time></trkpt><trkpt lat="51.3375083" lon="-115.9824725"><ele>2271</ele><time>2026-09-09T13:22:53.000Z</time></trkpt><trkpt lat="51.3375725" lon="-115.9824718"><ele>2269</ele><time>2026-09-09T13:24:31.000Z</time></trkpt><trkpt lat="51.3376264" lon="-115.9825397"><ele>2266</ele><time>2026-09-09T13:24:43.000Z</time></trkpt><trkpt lat="51.3375851" lon="-115.9824588"><ele>2276</ele><time>2026-09-09T13:51:06.000Z</time></trkpt><trkpt lat="51.3375753" lon="-115.9825749"><ele>2277</ele><time>2026-09-09T13:51:22.000Z</time></trkpt><trkpt lat="51.3375105" lon="-115.9825319"><ele>2283</ele><time>2026-09-09T13:52:20.000Z</time></trkpt><trkpt lat="51.3374431" lon="-115.982533"><ele>2288</ele><time>2026-09-09T13:53:00.000Z</time></trkpt><trkpt lat="51.3373662" lon="-115.982577"><ele>2298</ele><time>2026-09-09T13:54:01.000Z</time></trkpt><trkpt lat="51.3372949" lon="-115.9826204"><ele>2300</ele><time>2026-09-09T13:54:19.000Z</time></trkpt><trkpt lat="51.337241" lon="-115.9826778"><ele>2302</ele><time>2026-09-09T13:54:25.000Z</time></trkpt><trkpt lat="51.3371862" lon="-115.9827467"><ele>2304</ele><time>2026-09-09T13:54:44.000Z</time></trkpt><trkpt lat="51.3371126" lon="-115.982796"><ele>2306</ele><time>2026-09-09T13:55:25.000Z</time></trkpt><trkpt lat="51.3370506" lon="-115.9828553"><ele>2306</ele><time>2026-09-09T13:55:46.000Z</time></trkpt><trkpt lat="51.3370136" lon="-115.982942"><ele>2308</ele><time>2026-09-09T13:55:56.000Z</time></trkpt><trkpt lat="51.3369595" lon="-115.9830062"><ele>2309</ele><time>2026-09-09T13:56:06.000Z</time></trkpt><trkpt lat="51.3369176" lon="-115.9830842"><ele>2312</ele><time>2026-09-09T13:56:17.000Z</time></trkpt><trkpt lat="51.3368615" lon="-115.9831694"><ele>2318</ele><time>2026-09-09T13:57:02.000Z</time></trkpt><trkpt lat="51.3367971" lon="-115.9831602"><ele>2323</ele><time>2026-09-09T14:00:36.000Z</time></trkpt><trkpt lat="51.3367446" lon="-115.9830787"><ele>2341</ele><time>2026-09-09T14:04:13.000Z</time></trkpt><trkpt lat="51.3367112" lon="-115.982983"><ele>2341</ele><time>2026-09-09T14:04:17.000Z</time></trkpt><trkpt lat="51.3366747" lon="-115.9828996"><ele>2348</ele><time>2026-09-09T14:05:46.000Z</time></trkpt><trkpt lat="51.3366222" lon="-115.9828206"><ele>2351</ele><time>2026-09-09T14:06:30.000Z</time></trkpt><trkpt lat="51.3366712" lon="-115.9827234"><ele>2355</ele><time>2026-09-09T14:20:00.000Z</time></trkpt><trkpt lat="51.336672221833" lon="-115.9827630451759"><ele>2369.6753970427426</ele><time>2026-09-09T14:25:54.000Z</time></trkpt><trkpt lat="51.3366741" lon="-115.9827302"><ele>2357</ele><time>2026-09-09T14:26:09.000Z</time></trkpt><trkpt lat="51.3366243" lon="-115.9826529"><ele>2363</ele><time>2026-09-09T14:31:00.000Z</time></trkpt><trkpt lat="51.33658" lon="-115.9825574"><ele>2369</ele><time>2026-09-09T14:32:37.000Z</time></trkpt><trkpt lat="51.3366168" lon="-115.9824706"><ele>2372</ele><time>2026-09-09T14:34:16.000Z</time></trkpt><trkpt lat="51.3366572" lon="-115.9823767"><ele>2388</ele><time>2026-09-09T14:40:20.000Z</time></trkpt><trkpt lat="51.3367053" lon="-115.9822939"><ele>2388</ele><time>2026-09-09T14:40:26.000Z</time></trkpt><trkpt lat="51.336639926976474" lon="-115.98234950678172"><ele>2415.399082527174</ele><time>2026-09-09T14:40:39.000Z</time></trkpt><trkpt lat="51.3366363" lon="-115.9823267"><ele>2398</ele><time>2026-09-09T14:47:16.000Z</time></trkpt><trkpt lat="51.3366219" lon="-115.9821176"><ele>2401</ele><time>2026-09-09T14:48:00.000Z</time></trkpt><trkpt lat="51.3365929331594" lon="-115.98209152611744"><ele>2450.3695805476495</ele><time>2026-09-09T15:19:24.000Z</time></trkpt><trkpt lat="51.33657930871628" lon="-115.9820691455518"><ele>2454.6658142671504</ele><time>2026-09-09T15:19:54.000Z</time></trkpt><trkpt lat="51.3365595497171" lon="-115.98206426044202"><ele>2457.5441968208124</ele><time>2026-09-09T15:33:10.000Z</time></trkpt><trkpt lat="51.33655691269517" lon="-115.98197009726377"><ele>2468.4217714650235</ele><time>2026-09-09T15:33:35.000Z</time></trkpt><trkpt lat="51.33655403432833" lon="-115.98198322414571"><ele>2467.446832183216</ele><time>2026-09-09T15:36:08.000Z</time></trkpt><trkpt lat="51.3365467" lon="-115.9820429"><ele>2430</ele><time>2026-09-09T15:38:29.000Z</time></trkpt><trkpt lat="51.336598" lon="-115.9821056"><ele>2432</ele><time>2026-09-09T15:45:37.000Z</time></trkpt><trkpt lat="51.3364952" lon="-115.9820232"><ele>2433</ele><time>2026-09-09T15:46:06.000Z</time></trkpt><trkpt lat="51.3364197" lon="-115.9820658"><ele>2440</ele><time>2026-09-09T15:49:14.000Z</time></trkpt><trkpt lat="51.3363531" lon="-115.9820854"><ele>2441</ele><time>2026-09-09T16:22:39.000Z</time></trkpt><trkpt lat="51.3363626" lon="-115.9819827"><ele>2446</ele><time>2026-09-09T16:23:18.000Z</time></trkpt><trkpt lat="51.3364182" lon="-115.9815084"><ele>2477</ele><time>2026-09-09T16:23:59.000Z</time></trkpt><trkpt lat="51.3363808" lon="-115.981419"><ele>2481</ele><time>2026-09-09T16:24:12.000Z</time></trkpt><trkpt lat="51.3362934" lon="-115.9814143"><ele>2489</ele><time>2026-09-09T16:24:56.000Z</time></trkpt><trkpt lat="51.3362235" lon="-115.9813962"><ele>2494</ele><time>2026-09-09T16:26:13.000Z</time></trkpt><trkpt lat="51.3361586" lon="-115.9813454"><ele>2498</ele><time>2026-09-09T16:36:30.000Z</time></trkpt><trkpt lat="51.3361148" lon="-115.9812602"><ele>2503</ele><time>2026-09-09T17:04:38.000Z</time></trkpt><trkpt lat="51.3361545" lon="-115.9811317"><ele>2505</ele><time>2026-09-09T17:06:46.000Z</time></trkpt><trkpt lat="51.3361892" lon="-115.9810399"><ele>2503</ele><time>2026-09-09T17:06:50.000Z</time></trkpt><trkpt lat="51.33621831157888" lon="-115.98092575946937"><ele>2550.8669290411867</ele><time>2026-09-09T17:07:29.000Z</time></trkpt><trkpt lat="51.3362141" lon="-115.9807806"><ele>2515</ele><time>2026-09-09T17:07:40.000Z</time></trkpt><trkpt lat="51.33623207792533" lon="-115.98072865872473"><ele>2568.9924424284695</ele><time>2026-09-09T17:08:16.000Z</time></trkpt><trkpt lat="51.33623067159769" lon="-115.98068654763534"><ele>2573.7618235291425</ele><time>2026-09-09T17:09:33.000Z</time></trkpt><trkpt lat="51.33621924508694" lon="-115.98066796705072"><ele>2577.8730589829747</ele><time>2026-09-09T17:11:17.000Z</time></trkpt><trkpt lat="51.336210955786036" lon="-115.98064195654906"><ele>2582.2557014056533</ele><time>2026-09-09T17:37:35.000Z</time></trkpt><trkpt lat="51.33620699218087" lon="-115.98059724048846"><ele>2587.970702183386</ele><time>2026-09-09T17:39:58.000Z</time></trkpt><trkpt lat="51.336187799767416" lon="-115.98053037429463"><ele>2599.6575659837595</ele><time>2026-09-09T18:09:43.000Z</time></trkpt><trkpt lat="51.3361735" lon="-115.9804487"><ele>2573</ele><time>2026-09-09T18:17:03.000Z</time></trkpt><trkpt lat="51.3361252" lon="-115.9803356"><ele>2605</ele><time>2026-09-09T18:17:57.000Z</time></trkpt><trkpt lat="51.3360766" lon="-115.980255"><ele>2624</ele><time>2026-09-09T18:18:38.000Z</time></trkpt><trkpt lat="51.3360147" lon="-115.9802208"><ele>2631</ele><time>2026-09-09T18:20:08.000Z</time></trkpt><trkpt lat="51.3359566" lon="-115.9803309"><ele>2640</ele><time>2026-09-09T18:20:22.000Z</time></trkpt><trkpt lat="51.335986083356715" lon="-115.98022684690424"><ele>2650.5111929117957</ele><time>2026-09-09T18:21:14.000Z</time></trkpt><trkpt lat="51.33598311166358" lon="-115.9801420551504"><ele>2654.27427796759</ele><time>2026-09-09T18:23:08.000Z</time></trkpt><trkpt lat="51.3359846" lon="-115.9800865"><ele>2652</ele><time>2026-09-09T18:23:24.000Z</time></trkpt><trkpt lat="51.3360356" lon="-115.9800128"><ele>2651</ele><time>2026-09-09T18:23:32.000Z</time></trkpt><trkpt lat="51.33602602236154" lon="-115.97995567486039"><ele>2662.3696607522684</ele><time>2026-09-09T18:23:42.000Z</time></trkpt><trkpt lat="51.336034319168306" lon="-115.9798901831465"><ele>2666.328795300578</ele><time>2026-09-09T18:24:26.000Z</time></trkpt><trkpt lat="51.33601498830384" lon="-115.97986675042013"><ele>2667.635928885377</ele><time>2026-09-09T18:25:49.000Z</time></trkpt><trkpt lat="51.33600223796617" lon="-115.97986019878952"><ele>2667.8556967315153</ele><time>2026-09-09T18:26:01.000Z</time></trkpt><trkpt lat="51.33602828761043" lon="-115.97991407943726"><ele>2664.640658641212</ele><time>2026-09-09T18:26:30.000Z</time></trkpt><trkpt lat="51.33603306187592" lon="-115.97992497658043"><ele>2664.017170096452</ele><time>2026-09-09T18:27:37.000Z</time></trkpt><trkpt lat="51.33602415398884" lon="-115.97991515158654"><ele>2664.5345846121027</ele><time>2026-09-09T18:28:09.000Z</time></trkpt><trkpt lat="51.3360005" lon="-115.9798749"><ele>2657</ele><time>2026-09-09T18:28:17.000Z</time></trkpt><trkpt lat="51.3359391" lon="-115.9798275"><ele>2654</ele><time>2026-09-09T18:28:25.000Z</time></trkpt><trkpt lat="51.3358983" lon="-115.9797504"><ele>2653</ele><time>2026-09-09T18:28:32.000Z</time></trkpt><trkpt lat="51.3358428" lon="-115.9796909"><ele>2651</ele><time>2026-09-09T18:31:32.000Z</time></trkpt><trkpt lat="51.3357833" lon="-115.9796429"><ele>2652</ele><time>2026-09-09T18:31:40.000Z</time></trkpt><trkpt lat="51.3358286" lon="-115.9797224"><ele>2652</ele><time>2026-09-09T18:31:49.000Z</time></trkpt><trkpt lat="51.3358882" lon="-115.9797807"><ele>2652</ele><time>2026-09-09T18:31:59.000Z</time></trkpt><trkpt lat="51.335939" lon="-115.9798419"><ele>2653</ele><time>2026-09-09T18:34:33.000Z</time></trkpt><trkpt lat="51.3359835" lon="-115.9799235"><ele>2653</ele><time>2026-09-09T18:36:20.000Z</time></trkpt><trkpt lat="51.3360189" lon="-115.9800147"><ele>2653</ele><time>2026-09-09T18:45:05.000Z</time></trkpt><trkpt lat="51.3360146" lon="-115.9801259"><ele>2652</ele><time>2026-09-09T18:45:12.000Z</time></trkpt><trkpt lat="51.3360267" lon="-115.9800192"><ele>2653</ele><time>2026-09-09T18:48:00.000Z</time></trkpt><trkpt lat="51.3360078" lon="-115.9799123"><ele>2656</ele><time>2026-09-09T19:18:21.000Z</time></trkpt><trkpt lat="51.3360351" lon="-115.9798133"><ele>2660</ele><time>2026-09-09T19:19:19.000Z</time></trkpt><trkpt lat="51.3360289" lon="-115.9799277"><ele>2655</ele><time>2026-09-09T19:20:35.000Z</time></trkpt><trkpt lat="51.3359932" lon="-115.9798394"><ele>2660</ele><time>2026-09-09T19:36:35.000Z</time></trkpt><trkpt lat="51.3360195" lon="-115.9797146"><ele>2663</ele><time>2026-09-09T19:41:46.000Z</time></trkpt><trkpt lat="51.3360543" lon="-115.9795671"><ele>2711</ele><time>2026-09-09T20:49:12.000Z</time></trkpt><trkpt lat="51.3361104" lon="-115.9792775"><ele>2720</ele><time>2026-09-09T21:28:04.000Z</time></trkpt><trkpt lat="51.3361555" lon="-115.9792062"><ele>2763</ele><time>2026-09-09T21:29:37.000Z</time></trkpt><trkpt lat="51.3361724" lon="-115.9790763"><ele>2797</ele><time>2026-09-09T21:40:55.000Z</time></trkpt><trkpt lat="51.336184" lon="-115.9789573"><ele>2808</ele><time>2026-09-09T21:41:34.000Z</time></trkpt><trkpt lat="51.3362456" lon="-115.9789182"><ele>2816</ele><time>2026-09-09T21:44:34.000Z</time></trkpt><trkpt lat="51.3361785" lon="-115.9788967"><ele>2816</ele><time>2026-09-09T21:55:07.000Z</time></trkpt><trkpt lat="51.3361369" lon="-115.9789813"><ele>2817</ele><time>2026-09-09T21:55:31.000Z</time></trkpt><trkpt lat="51.3361232" lon="-115.9788823"><ele>2790</ele><time>2026-09-09T21:55:38.000Z</time></trkpt><trkpt lat="51.3360557" lon="-115.9788838"><ele>2790</ele><time>2026-09-09T21:57:20.000Z</time></trkpt><trkpt lat="51.3359851" lon="-115.9788959"><ele>2789</ele><time>2026-09-09T21:57:35.000Z</time></trkpt><trkpt lat="51.3359269" lon="-115.9788522"><ele>2787</ele><time>2026-09-09T22:16:04.000Z</time></trkpt><trkpt lat="51.3359286" lon="-115.9787488"><ele>2786</ele><time>2026-09-09T22:16:14.000Z</time></trkpt><trkpt lat="51.3359089" lon="-115.9788554"><ele>2777</ele><time>2026-09-09T22:16:41.000Z</time></trkpt><trkpt lat="51.3358796" lon="-115.9789529"><ele>2769</ele><time>2026-09-09T22:16:52.000Z</time></trkpt><trkpt lat="51.3358606" lon="-115.9790564"><ele>2758</ele><time>2026-09-09T22:17:30.000Z</time></trkpt><trkpt lat="51.3358355" lon="-115.9791547"><ele>2751</ele><time>2026-09-09T22:39:12.000Z</time></trkpt><trkpt lat="51.335822" lon="-115.9792631"><ele>2734</ele><time>2026-09-09T22:49:41.000Z</time></trkpt><trkpt lat="51.3358178" lon="-115.9791337"><ele>2730</ele><time>2026-09-09T22:50:03.000Z</time></trkpt><trkpt lat="51.3358123" lon="-115.9790235"><ele>2730</ele><time>2026-09-09T22:50:16.000Z</time></trkpt><trkpt lat="51.3357721" lon="-115.9791083"><ele>2720</ele><time>2026-09-09T22:50:36.000Z</time></trkpt><trkpt lat="51.3357803" lon="-115.9792106"><ele>2714</ele><time>2026-09-09T22:50:44.000Z</time></trkpt><trkpt lat="51.335753" lon="-115.9793144"><ele>2703</ele><time>2026-09-09T22:51:00.000Z</time></trkpt><trkpt lat="51.3357246" lon="-115.9794156"><ele>2698</ele><time>2026-09-09T23:04:10.000Z</time></trkpt><trkpt lat="51.3357372" lon="-115.9795194"><ele>2689</ele><time>2026-09-09T23:16:14.000Z</time></trkpt><trkpt lat="51.3357885" lon="-115.979108"><ele>2685</ele><time>2026-09-09T23:16:20.000Z</time></trkpt><trkpt lat="51.33580476818196" lon="-115.97910996638174"><ele>2748.167329946811</ele><time>2026-09-09T23:17:42.000Z</time></trkpt><trkpt lat="51.33580437194938" lon="-115.97910329049445"><ele>2749.565489680351</ele><time>2026-09-09T23:17:52.000Z</time></trkpt><trkpt lat="51.33579931233219" lon="-115.97911407588478"><ele>2746.5465090443577</ele><time>2026-09-09T23:18:02.000Z</time></trkpt><trkpt lat="51.33582169566078" lon="-115.97911454448227"><ele>2749.427598734256</ele><time>2026-09-09T23:18:16.000Z</time></trkpt><trkpt lat="51.33580376636151" lon="-115.9791155676156"><ele>2746.816117771255</ele><time>2026-09-09T23:29:28.000Z</time></trkpt><trkpt lat="51.3358034765008" lon="-115.97911714232947"><ele>2746.4353922226824</ele><time>2026-09-09T23:29:46.000Z</time></trkpt><trkpt lat="51.33579652727767" lon="-115.9791612642268"><ele>2735.961928606661</ele><time>2026-09-09T23:29:55.000Z</time></trkpt><trkpt lat="51.33579576982799" lon="-115.97913279055372"><ele>2742.025406654721</ele><time>2026-09-09T23:30:04.000Z</time></trkpt><trkpt lat="51.335782933014244" lon="-115.9791479999994"><ele>2737.0757358377264</ele><time>2026-09-09T23:30:47.000Z</time></trkpt><trkpt lat="51.335792" lon="-115.9791241"><ele>2682</ele><time>2026-09-09T23:34:17.000Z</time></trkpt><trkpt lat="51.3357967" lon="-115.9792286"><ele>2681</ele><time>2026-09-09T23:34:25.000Z</time></trkpt><trkpt lat="51.3357802" lon="-115.9793274"><ele>2676</ele><time>2026-09-09T23:34:34.000Z</time></trkpt><trkpt lat="51.3357675" lon="-115.9794354"><ele>2671</ele><time>2026-09-09T23:34:44.000Z</time></trkpt><trkpt lat="51.3357495" lon="-115.9795594"><ele>2649</ele><time>2026-09-09T23:34:52.000Z</time></trkpt><trkpt lat="51.3357679" lon="-115.9796588"><ele>2646</ele><time>2026-09-09T23:35:04.000Z</time></trkpt><trkpt lat="51.3358258" lon="-115.9797144"><ele>2644</ele><time>2026-09-09T23:37:32.000Z</time></trkpt><trkpt lat="51.3358879" lon="-115.9797517"><ele>2645</ele><time>2026-09-09T23:37:42.000Z</time></trkpt><trkpt lat="51.3359439" lon="-115.9798053"><ele>2646</ele><time>2026-09-09T23:38:01.000Z</time></trkpt><trkpt lat="51.3359871" lon="-115.9798823"><ele>2646</ele><time>2026-09-09T23:38:42.000Z</time></trkpt><trkpt lat="51.3360277" lon="-115.9799595"><ele>2647</ele><time>2026-09-09T23:38:59.000Z</time></trkpt><trkpt lat="51.3360012" lon="-115.9800778"><ele>2643</ele><time>2026-09-09T23:39:11.000Z</time></trkpt><trkpt lat="51.3359979" lon="-115.9801819"><ele>2641</ele><time>2026-09-09T23:39:31.000Z</time></trkpt><trkpt lat="51.3359678" lon="-115.9802868"><ele>2636</ele><time>2026-09-09T23:40:03.000Z</time></trkpt><trkpt lat="51.3359688" lon="-115.9803885"><ele>2635</ele><time>2026-09-09T23:40:13.000Z</time></trkpt><trkpt lat="51.3359188" lon="-115.9804524"><ele>2631</ele><time>2026-09-09T23:40:46.000Z</time></trkpt><trkpt lat="51.3358614" lon="-115.9804951"><ele>2628</ele><time>2026-09-09T23:41:16.000Z</time></trkpt><trkpt lat="51.3358043" lon="-115.9804425"><ele>2623</ele><time>2026-09-09T23:41:28.000Z</time></trkpt><trkpt lat="51.3357505" lon="-115.9805264"><ele>2616</ele><time>2026-09-09T23:42:13.000Z</time></trkpt><trkpt lat="51.3356827" lon="-115.9805058"><ele>2614</ele><time>2026-09-09T23:42:59.000Z</time></trkpt><trkpt lat="51.3356673" lon="-115.9803981"><ele>2609</ele><time>2026-09-09T23:43:13.000Z</time></trkpt><trkpt lat="51.3356045" lon="-115.9803619"><ele>2605</ele><time>2026-09-09T23:43:32.000Z</time></trkpt><trkpt lat="51.3355601" lon="-115.9804358"><ele>2602</ele><time>2026-09-09T23:44:13.000Z</time></trkpt><trkpt lat="51.3355335" lon="-115.9805346"><ele>2593</ele><time>2026-09-09T23:44:22.000Z</time></trkpt><trkpt lat="51.3355125" lon="-115.9806432"><ele>2589</ele><time>2026-09-09T23:44:35.000Z</time></trkpt><trkpt lat="51.3354653" lon="-115.9807372"><ele>2586</ele><time>2026-09-09T23:44:51.000Z</time></trkpt><trkpt lat="51.3354272" lon="-115.9808182"><ele>2582</ele><time>2026-09-09T23:45:07.000Z</time></trkpt><trkpt lat="51.3354375" lon="-115.9809177"><ele>2575</ele><time>2026-09-09T23:45:26.000Z</time></trkpt><trkpt lat="51.3354944" lon="-115.9809852"><ele>2573</ele><time>2026-09-09T23:45:59.000Z</time></trkpt><trkpt lat="51.3355437" lon="-115.9810495"><ele>2570</ele><time>2026-09-09T23:47:03.000Z</time></trkpt><trkpt lat="51.3355758" lon="-115.9811398"><ele>2566</ele><time>2026-09-09T23:47:20.000Z</time></trkpt><trkpt lat="51.3355798" lon="-115.9812439"><ele>2561</ele><time>2026-09-09T23:47:28.000Z</time></trkpt><trkpt lat="51.3356094" lon="-115.9813387"><ele>2557</ele><time>2026-09-09T23:47:45.000Z</time></trkpt><trkpt lat="51.3356676" lon="-115.9814065"><ele>2550</ele><time>2026-09-09T23:47:59.000Z</time></trkpt><trkpt lat="51.3356706" lon="-115.9815231"><ele>2541</ele><time>2026-09-09T23:48:05.000Z</time></trkpt><trkpt lat="51.3356614" lon="-115.981624"><ele>2538</ele><time>2026-09-09T23:48:10.000Z</time></trkpt><trkpt lat="51.3357288" lon="-115.9816142"><ele>2535</ele><time>2026-09-09T23:48:17.000Z</time></trkpt><trkpt lat="51.3357748" lon="-115.9816995"><ele>2531</ele><time>2026-09-09T23:48:24.000Z</time></trkpt><trkpt lat="51.3358383" lon="-115.9817296"><ele>2526</ele><time>2026-09-09T23:48:30.000Z</time></trkpt><trkpt lat="51.3359054" lon="-115.9817469"><ele>2523</ele><time>2026-09-09T23:48:38.000Z</time></trkpt><trkpt lat="51.3359692" lon="-115.9817564"><ele>2520</ele><time>2026-09-09T23:48:47.000Z</time></trkpt><trkpt lat="51.3360434" lon="-115.9817625"><ele>2513</ele><time>2026-09-09T23:48:57.000Z</time></trkpt><trkpt lat="51.3361063" lon="-115.9817785"><ele>2508</ele><time>2026-09-09T23:57:00.000Z</time></trkpt><trkpt lat="51.3361733" lon="-115.9817885"><ele>2504</ele><time>2026-09-09T23:58:43.000Z</time></trkpt><trkpt lat="51.3362384" lon="-115.9818244"><ele>2498</ele><time>2026-09-10T00:00:31.000Z</time></trkpt><trkpt lat="51.3363062" lon="-115.9818198"><ele>2492</ele><time>2026-09-10T00:04:50.000Z</time></trkpt><trkpt lat="51.3363613" lon="-115.9818766"><ele>2488</ele><time>2026-09-10T00:04:58.000Z</time></trkpt><trkpt lat="51.3364105" lon="-115.9819633"><ele>2468</ele><time>2026-09-10T00:05:10.000Z</time></trkpt><trkpt lat="51.3363962" lon="-115.9820733"><ele>2447</ele><time>2026-09-10T00:13:27.000Z</time></trkpt><trkpt lat="51.3364694" lon="-115.982096"><ele>2443</ele><time>2026-09-10T00:13:43.000Z</time></trkpt><trkpt lat="51.3365354" lon="-115.9821312"><ele>2432</ele><time>2026-09-10T00:13:51.000Z</time></trkpt><trkpt lat="51.3365977" lon="-115.9821961"><ele>2427</ele><time>2026-09-10T00:13:59.000Z</time></trkpt><trkpt lat="51.3366748" lon="-115.9822233"><ele>2418</ele><time>2026-09-10T00:14:34.000Z</time></trkpt><trkpt lat="51.3366833" lon="-115.982338"><ele>2401</ele><time>2026-09-10T00:24:52.000Z</time></trkpt><trkpt lat="51.3366919" lon="-115.9824495"><ele>2393</ele><time>2026-09-10T00:25:02.000Z</time></trkpt><trkpt lat="51.3367315" lon="-115.9825327"><ele>2389</ele><time>2026-09-10T00:25:21.000Z</time></trkpt><trkpt lat="51.3367824" lon="-115.9826097"><ele>2385</ele><time>2026-09-10T00:25:43.000Z</time></trkpt><trkpt lat="51.3368233" lon="-115.9827101"><ele>2365</ele><time>2026-09-10T00:25:52.000Z</time></trkpt><trkpt lat="51.336817" lon="-115.9828124"><ele>2345</ele><time>2026-09-10T00:28:03.000Z</time></trkpt><trkpt lat="51.3368646" lon="-115.9828913"><ele>2343</ele><time>2026-09-10T00:28:13.000Z</time></trkpt><trkpt lat="51.3369113" lon="-115.9829599"><ele>2333</ele><time>2026-09-10T00:28:22.000Z</time></trkpt><trkpt lat="51.336966" lon="-115.9830275"><ele>2321</ele><time>2026-09-10T00:29:33.000Z</time></trkpt><trkpt lat="51.3370268" lon="-115.9830739"><ele>2316</ele><time>2026-09-10T00:29:55.000Z</time></trkpt><trkpt lat="51.3371595" lon="-115.9828124"><ele>2305</ele><time>2026-09-10T00:32:44.000Z</time></trkpt><trkpt lat="51.3372246" lon="-115.9827794"><ele>2303</ele><time>2026-09-10T00:35:27.000Z</time></trkpt><trkpt lat="51.3372754" lon="-115.9827145"><ele>2301</ele><time>2026-09-10T00:35:37.000Z</time></trkpt><trkpt lat="51.3373591" lon="-115.9826599"><ele>2290</ele><time>2026-09-10T00:35:48.000Z</time></trkpt><trkpt lat="51.3374205" lon="-115.9826255"><ele>2288</ele><time>2026-09-10T00:52:08.000Z</time></trkpt><trkpt lat="51.3374868" lon="-115.9825939"><ele>2274</ele><time>2026-09-10T00:52:23.000Z</time></trkpt><trkpt lat="51.3375593" lon="-115.9825477"><ele>2275</ele><time>2026-09-10T00:52:32.000Z</time></trkpt><trkpt lat="51.3376229" lon="-115.9825129"><ele>2273</ele><time>2026-09-10T00:52:48.000Z</time></trkpt><trkpt lat="51.3376692" lon="-115.9825881"><ele>2269</ele><time>2026-09-10T00:52:59.000Z</time></trkpt><trkpt lat="51.3376731" lon="-115.9824865"><ele>2262</ele><time>2026-09-10T00:53:40.000Z</time></trkpt><trkpt lat="51.3376836" lon="-115.9823848"><ele>2261</ele><time>2026-09-10T00:53:46.000Z</time></trkpt><trkpt lat="51.3377242" lon="-115.9822985"><ele>2259</ele><time>2026-09-10T00:54:03.000Z</time></trkpt><trkpt lat="51.3377749" lon="-115.9822349"><ele>2254</ele><time>2026-09-10T00:54:29.000Z</time></trkpt><trkpt lat="51.3378374" lon="-115.9822143"><ele>2251</ele><time>2026-09-10T00:54:45.000Z</time></trkpt><trkpt lat="51.337902" lon="-115.9821452"><ele>2242</ele><time>2026-09-10T00:54:53.000Z</time></trkpt><trkpt lat="51.3379343" lon="-115.9820516"><ele>2241</ele><time>2026-09-10T00:55:03.000Z</time></trkpt><trkpt lat="51.3379842" lon="-115.9819843"><ele>2235</ele><time>2026-09-10T00:55:12.000Z</time></trkpt><trkpt lat="51.3380469" lon="-115.981975"><ele>2231</ele><time>2026-09-10T00:55:35.000Z</time></trkpt><trkpt lat="51.3381087" lon="-115.9819255"><ele>2228</ele><time>2026-09-10T00:55:43.000Z</time></trkpt><trkpt lat="51.3381618" lon="-115.9818555"><ele>2225</ele><time>2026-09-10T00:55:49.000Z</time></trkpt><trkpt lat="51.3382063" lon="-115.9817715"><ele>2223</ele><time>2026-09-10T00:55:57.000Z</time></trkpt><trkpt lat="51.3382659" lon="-115.9817158"><ele>2220</ele><time>2026-09-10T00:56:04.000Z</time></trkpt><trkpt lat="51.3383357" lon="-115.9816948"><ele>2215</ele><time>2026-09-10T00:56:11.000Z</time></trkpt><trkpt lat="51.3383834" lon="-115.9817663"><ele>2213</ele><time>2026-09-10T00:56:17.000Z</time></trkpt><trkpt lat="51.33844" lon="-115.98182"><ele>2209</ele><time>2026-09-10T00:57:03.000Z</time></trkpt><trkpt lat="51.3385036" lon="-115.9818545"><ele>2205</ele><time>2026-09-10T00:57:11.000Z</time></trkpt><trkpt lat="51.3385537" lon="-115.9819183"><ele>2202</ele><time>2026-09-10T00:57:20.000Z</time></trkpt><trkpt lat="51.3385895" lon="-115.9820115"><ele>2197</ele><time>2026-09-10T00:57:27.000Z</time></trkpt><trkpt lat="51.3386369" lon="-115.9821002"><ele>2192</ele><time>2026-09-10T00:57:34.000Z</time></trkpt><trkpt lat="51.3386756" lon="-115.9821806"><ele>2185</ele><time>2026-09-10T00:57:39.000Z</time></trkpt><trkpt lat="51.3386916" lon="-115.9822805"><ele>2182</ele><time>2026-09-10T00:57:44.000Z</time></trkpt><trkpt lat="51.3387464" lon="-115.9823336"><ele>2178</ele><time>2026-09-10T00:57:49.000Z</time></trkpt><trkpt lat="51.3388082" lon="-115.982377"><ele>2175</ele><time>2026-09-10T00:57:54.000Z</time></trkpt><trkpt lat="51.338865" lon="-115.9824424"><ele>2171</ele><time>2026-09-10T00:57:59.000Z</time></trkpt><trkpt lat="51.3389129" lon="-115.982519"><ele>2168</ele><time>2026-09-10T00:58:05.000Z</time></trkpt><trkpt lat="51.3389668" lon="-115.9825941"><ele>2164</ele><time>2026-09-10T00:58:11.000Z</time></trkpt><trkpt lat="51.3390051" lon="-115.9826933"><ele>2160</ele><time>2026-09-10T00:58:17.000Z</time></trkpt><trkpt lat="51.3390411" lon="-115.9827963"><ele>2156</ele><time>2026-09-10T00:58:25.000Z</time></trkpt><trkpt lat="51.3390703" lon="-115.9828985"><ele>2152</ele><time>2026-09-10T00:58:48.000Z</time></trkpt><trkpt lat="51.3391059" lon="-115.9829967"><ele>2146</ele><time>2026-09-10T00:58:58.000Z</time></trkpt><trkpt lat="51.3391546" lon="-115.9830819"><ele>2142</ele><time>2026-09-10T00:59:05.000Z</time></trkpt><trkpt lat="51.3391955" lon="-115.9831657"><ele>2137</ele><time>2026-09-10T00:59:12.000Z</time></trkpt><trkpt lat="51.3392559" lon="-115.9832138"><ele>2132</ele><time>2026-09-10T00:59:19.000Z</time></trkpt><trkpt lat="51.3392869" lon="-115.983311"><ele>2125</ele><time>2026-09-10T00:59:24.000Z</time></trkpt><trkpt lat="51.3393033" lon="-115.9834134"><ele>2124</ele><time>2026-09-10T00:59:31.000Z</time></trkpt><trkpt lat="51.3393277" lon="-115.9835235"><ele>2120</ele><time>2026-09-10T00:59:40.000Z</time></trkpt><trkpt lat="51.3393388" lon="-115.9836305"><ele>2117</ele><time>2026-09-10T00:59:49.000Z</time></trkpt><trkpt lat="51.3392997" lon="-115.9837173"><ele>2114</ele><time>2026-09-10T01:00:03.000Z</time></trkpt><trkpt lat="51.3393174" lon="-115.9838244"><ele>2113</ele><time>2026-09-10T01:00:13.000Z</time></trkpt><trkpt lat="51.3393372" lon="-115.9839241"><ele>2108</ele><time>2026-09-10T01:00:22.000Z</time></trkpt><trkpt lat="51.3393701" lon="-115.9840121"><ele>2105</ele><time>2026-09-10T01:00:29.000Z</time></trkpt><trkpt lat="51.3393929" lon="-115.9841099"><ele>2102</ele><time>2026-09-10T01:00:40.000Z</time></trkpt><trkpt lat="51.3394213" lon="-115.9842101"><ele>2097</ele><time>2026-09-10T01:00:48.000Z</time></trkpt><trkpt lat="51.3394718" lon="-115.9842726"><ele>2095</ele><time>2026-09-10T01:00:57.000Z</time></trkpt><trkpt lat="51.3395025" lon="-115.9843796"><ele>2093</ele><time>2026-09-10T01:01:04.000Z</time></trkpt><trkpt lat="51.339506" lon="-115.9844838"><ele>2091</ele><time>2026-09-10T01:01:10.000Z</time></trkpt><trkpt lat="51.3395404" lon="-115.9845728"><ele>2087</ele><time>2026-09-10T01:01:17.000Z</time></trkpt><trkpt lat="51.3396022" lon="-115.9845936"><ele>2085</ele><time>2026-09-10T01:01:26.000Z</time></trkpt><trkpt lat="51.3396672" lon="-115.9845843"><ele>2082</ele><time>2026-09-10T01:01:34.000Z</time></trkpt><trkpt lat="51.3397226" lon="-115.9846384"><ele>2080</ele><time>2026-09-10T01:01:41.000Z</time></trkpt><trkpt lat="51.3397593" lon="-115.9847399"><ele>2079</ele><time>2026-09-10T01:01:48.000Z</time></trkpt><trkpt lat="51.339803" lon="-115.9848144"><ele>2077</ele><time>2026-09-10T01:01:54.000Z</time></trkpt><trkpt lat="51.3398687" lon="-115.9847974"><ele>2075</ele><time>2026-09-10T01:02:05.000Z</time></trkpt><trkpt lat="51.339938" lon="-115.9847944"><ele>2073</ele><time>2026-09-10T01:02:12.000Z</time></trkpt><trkpt lat="51.3400028" lon="-115.9847826"><ele>2072</ele><time>2026-09-10T01:11:29.000Z</time></trkpt><trkpt lat="51.3400564" lon="-115.984837"><ele>2070</ele><time>2026-09-10T01:12:20.000Z</time></trkpt><trkpt lat="51.3401128" lon="-115.9848866"><ele>2069</ele><time>2026-09-10T01:12:27.000Z</time></trkpt><trkpt lat="51.3401635" lon="-115.9848182"><ele>2068</ele><time>2026-09-10T01:12:34.000Z</time></trkpt><trkpt lat="51.3402265" lon="-115.9848109"><ele>2067</ele><time>2026-09-10T01:12:41.000Z</time></trkpt><trkpt lat="51.3402753" lon="-115.9847465"><ele>2068</ele><time>2026-09-10T01:12:48.000Z</time></trkpt><trkpt lat="51.3403101" lon="-115.9848414"><ele>2068</ele><time>2026-09-10T01:12:53.000Z</time></trkpt><trkpt lat="51.3403548" lon="-115.9849126"><ele>2069</ele><time>2026-09-10T01:12:58.000Z</time></trkpt><trkpt lat="51.3404001" lon="-115.9850024"><ele>2069</ele><time>2026-09-10T01:13:04.000Z</time></trkpt><trkpt lat="51.3404531" lon="-115.9850753"><ele>2069</ele><time>2026-09-10T01:13:10.000Z</time></trkpt><trkpt lat="51.3404414" lon="-115.9851872"><ele>2069</ele><time>2026-09-10T01:13:16.000Z</time></trkpt><trkpt lat="51.3404309" lon="-115.9852906"><ele>2069</ele><time>2026-09-10T01:13:22.000Z</time></trkpt><trkpt lat="51.3404129" lon="-115.9853964"><ele>2068</ele><time>2026-09-10T01:13:27.000Z</time></trkpt><trkpt lat="51.3403718" lon="-115.9854899"><ele>2067</ele><time>2026-09-10T01:13:32.000Z</time></trkpt><trkpt lat="51.3403402" lon="-115.9855777"><ele>2066</ele><time>2026-09-10T01:13:38.000Z</time></trkpt><trkpt lat="51.340297" lon="-115.985656"><ele>2065</ele><time>2026-09-10T01:13:44.000Z</time></trkpt><trkpt lat="51.340251" lon="-115.9857494"><ele>2065</ele><time>2026-09-10T01:13:50.000Z</time></trkpt><trkpt lat="51.3402173" lon="-115.9858457"><ele>2065</ele><time>2026-09-10T01:13:55.000Z</time></trkpt><trkpt lat="51.3401923" lon="-115.9859534"><ele>2064</ele><time>2026-09-10T01:14:00.000Z</time></trkpt><trkpt lat="51.3401854" lon="-115.9860649"><ele>2064</ele><time>2026-09-10T01:14:06.000Z</time></trkpt><trkpt lat="51.3401576" lon="-115.9861567"><ele>2064</ele><time>2026-09-10T01:14:11.000Z</time></trkpt><trkpt lat="51.3401343" lon="-115.9862667"><ele>2064</ele><time>2026-09-10T01:14:16.000Z</time></trkpt><trkpt lat="51.3400915" lon="-115.9863472"><ele>2064</ele><time>2026-09-10T01:14:21.000Z</time></trkpt><trkpt lat="51.3400482" lon="-115.9864281"><ele>2064</ele><time>2026-09-10T01:14:26.000Z</time></trkpt><trkpt lat="51.3400322" lon="-115.986542"><ele>2064</ele><time>2026-09-10T01:14:32.000Z</time></trkpt><trkpt lat="51.3400128" lon="-115.9866391"><ele>2064</ele><time>2026-09-10T01:14:37.000Z</time></trkpt><trkpt lat="51.3399714" lon="-115.9867285"><ele>2064</ele><time>2026-09-10T01:14:42.000Z</time></trkpt><trkpt lat="51.3399247" lon="-115.9868067"><ele>2064</ele><time>2026-09-10T01:14:48.000Z</time></trkpt><trkpt lat="51.3398788" lon="-115.9868839"><ele>2064</ele><time>2026-09-10T01:14:53.000Z</time></trkpt><trkpt lat="51.3398491" lon="-115.9869829"><ele>2063</ele><time>2026-09-10T01:14:58.000Z</time></trkpt><trkpt lat="51.339831" lon="-115.9870824"><ele>2063</ele><time>2026-09-10T01:15:03.000Z</time></trkpt><trkpt lat="51.3398254" lon="-115.9871837"><ele>2063</ele><time>2026-09-10T01:15:08.000Z</time></trkpt><trkpt lat="51.3398061" lon="-115.9872977"><ele>2064</ele><time>2026-09-10T01:15:13.000Z</time></trkpt><trkpt lat="51.3397652" lon="-115.9873924"><ele>2064</ele><time>2026-09-10T01:15:18.000Z</time></trkpt><trkpt lat="51.3397304" lon="-115.9874891"><ele>2063</ele><time>2026-09-10T01:15:23.000Z</time></trkpt><trkpt lat="51.3396906" lon="-115.9875743"><ele>2063</ele><time>2026-09-10T01:15:28.000Z</time></trkpt><trkpt lat="51.3396473" lon="-115.9876588"><ele>2063</ele><time>2026-09-10T01:15:33.000Z</time></trkpt><trkpt lat="51.3395909" lon="-115.9877266"><ele>2062</ele><time>2026-09-10T01:15:38.000Z</time></trkpt><trkpt lat="51.3395519" lon="-115.9878106"><ele>2062</ele><time>2026-09-10T01:15:43.000Z</time></trkpt><trkpt lat="51.3395189" lon="-115.9879025"><ele>2060</ele><time>2026-09-10T01:15:48.000Z</time></trkpt><trkpt lat="51.3394793" lon="-115.9879903"><ele>2060</ele><time>2026-09-10T01:15:53.000Z</time></trkpt><trkpt lat="51.3394446" lon="-115.9880827"><ele>2060</ele><time>2026-09-10T01:15:59.000Z</time></trkpt><trkpt lat="51.3394104" lon="-115.9881698"><ele>2060</ele><time>2026-09-10T01:16:05.000Z</time></trkpt><trkpt lat="51.3393789" lon="-115.988267"><ele>2059</ele><time>2026-09-10T01:16:11.000Z</time></trkpt><trkpt lat="51.3393615" lon="-115.9883669"><ele>2059</ele><time>2026-09-10T01:16:16.000Z</time></trkpt><trkpt lat="51.3393432" lon="-115.9884743"><ele>2059</ele><time>2026-09-10T01:16:21.000Z</time></trkpt><trkpt lat="51.3393281" lon="-115.9885879"><ele>2059</ele><time>2026-09-10T01:16:26.000Z</time></trkpt><trkpt lat="51.3392974" lon="-115.9886834"><ele>2059</ele><time>2026-09-10T01:16:32.000Z</time></trkpt><trkpt lat="51.33928" lon="-115.9887902"><ele>2060</ele><time>2026-09-10T01:16:38.000Z</time></trkpt><trkpt lat="51.3392442" lon="-115.9888831"><ele>2060</ele><time>2026-09-10T01:16:44.000Z</time></trkpt><trkpt lat="51.3392059" lon="-115.9889806"><ele>2060</ele><time>2026-09-10T01:16:49.000Z</time></trkpt><trkpt lat="51.3391922" lon="-115.9890879"><ele>2060</ele><time>2026-09-10T01:16:54.000Z</time></trkpt><trkpt lat="51.339169" lon="-115.9891987"><ele>2061</ele><time>2026-09-10T01:16:59.000Z</time></trkpt><trkpt lat="51.3391313" lon="-115.989287"><ele>2062</ele><time>2026-09-10T01:17:04.000Z</time></trkpt><trkpt lat="51.3390873" lon="-115.9893709"><ele>2062</ele><time>2026-09-10T01:17:09.000Z</time></trkpt><trkpt lat="51.339048" lon="-115.9894502"><ele>2063</ele><time>2026-09-10T01:17:16.000Z</time></trkpt><trkpt lat="51.3390073" lon="-115.9895303"><ele>2063</ele><time>2026-09-10T01:21:00.000Z</time></trkpt><trkpt lat="51.3389668" lon="-115.9896251"><ele>2062</ele><time>2026-09-10T01:21:06.000Z</time></trkpt><trkpt lat="51.3389501" lon="-115.9897319"><ele>2062</ele><time>2026-09-10T01:21:11.000Z</time></trkpt><trkpt lat="51.3389191" lon="-115.9898364"><ele>2061</ele><time>2026-09-10T01:21:16.000Z</time></trkpt><trkpt lat="51.3388865" lon="-115.9899343"><ele>2060</ele><time>2026-09-10T01:21:21.000Z</time></trkpt><trkpt lat="51.338848" lon="-115.9900165"><ele>2058</ele><time>2026-09-10T01:21:26.000Z</time></trkpt><trkpt lat="51.3388395" lon="-115.9901324"><ele>2058</ele><time>2026-09-10T01:21:31.000Z</time></trkpt><trkpt lat="51.3388229" lon="-115.9902445"><ele>2056</ele><time>2026-09-10T01:21:36.000Z</time></trkpt><trkpt lat="51.338791" lon="-115.9903328"><ele>2054</ele><time>2026-09-10T01:21:41.000Z</time></trkpt><trkpt lat="51.3387353" lon="-115.9903824"><ele>2053</ele><time>2026-09-10T01:21:46.000Z</time></trkpt><trkpt lat="51.3386764" lon="-115.9904262"><ele>2052</ele><time>2026-09-10T01:21:51.000Z</time></trkpt><trkpt lat="51.3386127" lon="-115.9904698"><ele>2050</ele><time>2026-09-10T01:21:56.000Z</time></trkpt><trkpt lat="51.338548" lon="-115.9905008"><ele>2049</ele><time>2026-09-10T01:22:01.000Z</time></trkpt><trkpt lat="51.3384855" lon="-115.9905363"><ele>2048</ele><time>2026-09-10T01:22:06.000Z</time></trkpt><trkpt lat="51.3384269" lon="-115.9905965"><ele>2047</ele><time>2026-09-10T01:22:12.000Z</time></trkpt><trkpt lat="51.338376" lon="-115.9906701"><ele>2045</ele><time>2026-09-10T01:22:18.000Z</time></trkpt><trkpt lat="51.338323" lon="-115.9907289"><ele>2044</ele><time>2026-09-10T01:22:23.000Z</time></trkpt><trkpt lat="51.3382643" lon="-115.9907809"><ele>2043</ele><time>2026-09-10T01:22:29.000Z</time></trkpt><trkpt lat="51.3382172" lon="-115.9908578"><ele>2042</ele><time>2026-09-10T01:22:34.000Z</time></trkpt><trkpt lat="51.3381624" lon="-115.9909103"><ele>2040</ele><time>2026-09-10T01:22:39.000Z</time></trkpt><trkpt lat="51.3381156" lon="-115.9909793"><ele>2039</ele><time>2026-09-10T01:22:44.000Z</time></trkpt><trkpt lat="51.3380731" lon="-115.9910552"><ele>2037</ele><time>2026-09-10T01:22:50.000Z</time></trkpt><trkpt lat="51.3380122" lon="-115.9911082"><ele>2036</ele><time>2026-09-10T01:22:57.000Z</time></trkpt><trkpt lat="51.3379531" lon="-115.9911486"><ele>2034</ele><time>2026-09-10T01:23:04.000Z</time></trkpt><trkpt lat="51.337919" lon="-115.9912359"><ele>2033</ele><time>2026-09-10T01:23:09.000Z</time></trkpt><trkpt lat="51.3378862" lon="-115.9913276"><ele>2032</ele><time>2026-09-10T01:23:14.000Z</time></trkpt><trkpt lat="51.3378571" lon="-115.9914287"><ele>2032</ele><time>2026-09-10T01:23:19.000Z</time></trkpt><trkpt lat="51.3378334" lon="-115.9915373"><ele>2033</ele><time>2026-09-10T01:23:24.000Z</time></trkpt><trkpt lat="51.3377963" lon="-115.9916278"><ele>2033</ele><time>2026-09-10T01:23:29.000Z</time></trkpt><trkpt lat="51.337754" lon="-115.9917044"><ele>2034</ele><time>2026-09-10T01:23:36.000Z</time></trkpt><trkpt lat="51.3377247" lon="-115.9918087"><ele>2033</ele><time>2026-09-10T01:23:42.000Z</time></trkpt><trkpt lat="51.3376958" lon="-115.991902"><ele>2030</ele><time>2026-09-10T01:23:48.000Z</time></trkpt><trkpt lat="51.3376657" lon="-115.9920118"><ele>2027</ele><time>2026-09-10T01:23:54.000Z</time></trkpt><trkpt lat="51.3376375" lon="-115.9921077"><ele>2024</ele><time>2026-09-10T01:23:58.000Z</time></trkpt><trkpt lat="51.3375803" lon="-115.9921729"><ele>2022</ele><time>2026-09-10T01:24:04.000Z</time></trkpt><trkpt lat="51.3375419" lon="-115.9922629"><ele>2020</ele><time>2026-09-10T01:24:10.000Z</time></trkpt><trkpt lat="51.337502" lon="-115.9923461"><ele>2018</ele><time>2026-09-10T01:24:16.000Z</time></trkpt><trkpt lat="51.3374308" lon="-115.9923826"><ele>2016</ele><time>2026-09-10T01:24:23.000Z</time></trkpt><trkpt lat="51.3373708" lon="-115.9924161"><ele>2015</ele><time>2026-09-10T01:24:29.000Z</time></trkpt><trkpt lat="51.3373526" lon="-115.9925216"><ele>2012</ele><time>2026-09-10T01:24:34.000Z</time></trkpt><trkpt lat="51.337335" lon="-115.9926288"><ele>2012</ele><time>2026-09-10T01:24:39.000Z</time></trkpt><trkpt lat="51.3372941" lon="-115.9927259"><ele>2011</ele><time>2026-09-10T01:24:45.000Z</time></trkpt><trkpt lat="51.3372717" lon="-115.9928314"><ele>2010</ele><time>2026-09-10T01:24:51.000Z</time></trkpt><trkpt lat="51.3372513" lon="-115.9929294"><ele>2010</ele><time>2026-09-10T01:24:59.000Z</time></trkpt><trkpt lat="51.337219" lon="-115.9930248"><ele>2009</ele><time>2026-09-10T01:25:06.000Z</time></trkpt><trkpt lat="51.3371756" lon="-115.9931048"><ele>2009</ele><time>2026-09-10T01:25:13.000Z</time></trkpt><trkpt lat="51.3371293" lon="-115.9931986"><ele>2008</ele><time>2026-09-10T01:25:20.000Z</time></trkpt><trkpt lat="51.3370951" lon="-115.9932919"><ele>2008</ele><time>2026-09-10T01:25:28.000Z</time></trkpt><trkpt lat="51.3370519" lon="-115.9933738"><ele>2007</ele><time>2026-09-10T01:25:37.000Z</time></trkpt><trkpt lat="51.3369991" lon="-115.9934292"><ele>2006</ele><time>2026-09-10T01:25:44.000Z</time></trkpt><trkpt lat="51.3369586" lon="-115.9935141"><ele>2005</ele><time>2026-09-10T01:25:51.000Z</time></trkpt><trkpt lat="51.3369431" lon="-115.9936206"><ele>2004</ele><time>2026-09-10T01:25:57.000Z</time></trkpt><trkpt lat="51.3369243" lon="-115.9937281"><ele>2005</ele><time>2026-09-10T01:26:02.000Z</time></trkpt><trkpt lat="51.3369128" lon="-115.9938377"><ele>2008</ele><time>2026-09-10T01:26:09.000Z</time></trkpt><trkpt lat="51.3368917" lon="-115.9939338"><ele>2009</ele><time>2026-09-10T01:26:15.000Z</time></trkpt><trkpt lat="51.3368408" lon="-115.9939943"><ele>2010</ele><time>2026-09-10T01:26:20.000Z</time></trkpt><trkpt lat="51.3367722" lon="-115.994026"><ele>2010</ele><time>2026-09-10T01:26:25.000Z</time></trkpt><trkpt lat="51.3367217" lon="-115.9940896"><ele>2009</ele><time>2026-09-10T01:26:31.000Z</time></trkpt><trkpt lat="51.3366819" lon="-115.9941794"><ele>2009</ele><time>2026-09-10T01:26:38.000Z</time></trkpt><trkpt lat="51.3366386" lon="-115.9942568"><ele>2010</ele><time>2026-09-10T01:26:45.000Z</time></trkpt><trkpt lat="51.3365831" lon="-115.9943072"><ele>2011</ele><time>2026-09-10T01:26:51.000Z</time></trkpt><trkpt lat="51.3365271" lon="-115.9943746"><ele>2011</ele><time>2026-09-10T01:26:58.000Z</time></trkpt><trkpt lat="51.3364803" lon="-115.9944506"><ele>2011</ele><time>2026-09-10T01:27:05.000Z</time></trkpt><trkpt lat="51.3364328" lon="-115.9945171"><ele>2012</ele><time>2026-09-10T01:27:13.000Z</time></trkpt><trkpt lat="51.3363762" lon="-115.9945931"><ele>2011</ele><time>2026-09-10T01:27:19.000Z</time></trkpt><trkpt lat="51.3363258" lon="-115.9946743"><ele>2010</ele><time>2026-09-10T01:27:25.000Z</time></trkpt><trkpt lat="51.3363154" lon="-115.9947742"><ele>2010</ele><time>2026-09-10T01:27:31.000Z</time></trkpt><trkpt lat="51.3362903" lon="-115.9948774"><ele>2010</ele><time>2026-09-10T01:27:37.000Z</time></trkpt><trkpt lat="51.3362666" lon="-115.9949884"><ele>2008</ele><time>2026-09-10T01:27:43.000Z</time></trkpt><trkpt lat="51.3362572" lon="-115.9950961"><ele>2006</ele><time>2026-09-10T01:27:49.000Z</time></trkpt><trkpt lat="51.3362314" lon="-115.995195"><ele>2005</ele><time>2026-09-10T01:27:55.000Z</time></trkpt><trkpt lat="51.3362124" lon="-115.9953018"><ele>2004</ele><time>2026-09-10T01:28:01.000Z</time></trkpt><trkpt lat="51.3361965" lon="-115.9954068"><ele>2003</ele><time>2026-09-10T01:28:07.000Z</time></trkpt><trkpt lat="51.3361781" lon="-115.9955206"><ele>2001</ele><time>2026-09-10T01:28:13.000Z</time></trkpt><trkpt lat="51.3361461" lon="-115.9956208"><ele>2001</ele><time>2026-09-10T01:28:19.000Z</time></trkpt><trkpt lat="51.3361353" lon="-115.9957232"><ele>2001</ele><time>2026-09-10T01:28:25.000Z</time></trkpt><trkpt lat="51.3361464" lon="-115.9958245"><ele>2002</ele><time>2026-09-10T01:28:32.000Z</time></trkpt><trkpt lat="51.3361571" lon="-115.9959253"><ele>2003</ele><time>2026-09-10T01:28:38.000Z</time></trkpt><trkpt lat="51.3361654" lon="-115.9960273"><ele>2003</ele><time>2026-09-10T01:28:44.000Z</time></trkpt><trkpt lat="51.3361654" lon="-115.9961384"><ele>2004</ele><time>2026-09-10T01:28:51.000Z</time></trkpt><trkpt lat="51.3361602" lon="-115.9962405"><ele>2003</ele><time>2026-09-10T01:28:58.000Z</time></trkpt><trkpt lat="51.3361495" lon="-115.9963452"><ele>2001</ele><time>2026-09-10T01:29:04.000Z</time></trkpt><trkpt lat="51.3361507" lon="-115.9964505"><ele>2001</ele><time>2026-09-10T01:29:10.000Z</time></trkpt><trkpt lat="51.3361535" lon="-115.9965566"><ele>2000</ele><time>2026-09-10T01:29:17.000Z</time></trkpt><trkpt lat="51.3361801" lon="-115.9966634"><ele>1999</ele><time>2026-09-10T01:29:24.000Z</time></trkpt><trkpt lat="51.3362045" lon="-115.9967744"><ele>1998</ele><time>2026-09-10T01:29:30.000Z</time></trkpt><trkpt lat="51.3362091" lon="-115.9968841"><ele>1996</ele><time>2026-09-10T01:29:36.000Z</time></trkpt><trkpt lat="51.3361935" lon="-115.9969954"><ele>1995</ele><time>2026-09-10T01:29:42.000Z</time></trkpt><trkpt lat="51.3361729" lon="-115.9971038"><ele>1993</ele><time>2026-09-10T01:29:48.000Z</time></trkpt><trkpt lat="51.3361439" lon="-115.9972014"><ele>1991</ele><time>2026-09-10T01:29:55.000Z</time></trkpt><trkpt lat="51.3361307" lon="-115.9973081"><ele>1990</ele><time>2026-09-10T01:30:01.000Z</time></trkpt><trkpt lat="51.3361245" lon="-115.9974262"><ele>1988</ele><time>2026-09-10T01:30:07.000Z</time></trkpt><trkpt lat="51.3361283" lon="-115.9975348"><ele>1988</ele><time>2026-09-10T01:30:13.000Z</time></trkpt><trkpt lat="51.3361517" lon="-115.9976334"><ele>1986</ele><time>2026-09-10T01:30:19.000Z</time></trkpt><trkpt lat="51.3361888" lon="-115.997727"><ele>1984</ele><time>2026-09-10T01:30:25.000Z</time></trkpt><trkpt lat="51.3361969" lon="-115.9978406"><ele>1984</ele><time>2026-09-10T01:30:32.000Z</time></trkpt><trkpt lat="51.3361706" lon="-115.997948"><ele>1982</ele><time>2026-09-10T01:30:40.000Z</time></trkpt><trkpt lat="51.3361358" lon="-115.9980521"><ele>1980</ele><time>2026-09-10T01:30:47.000Z</time></trkpt><trkpt lat="51.3360961" lon="-115.998149"><ele>1978</ele><time>2026-09-10T01:30:53.000Z</time></trkpt><trkpt lat="51.3360563" lon="-115.9982402"><ele>1975</ele><time>2026-09-10T01:30:59.000Z</time></trkpt><trkpt lat="51.3359985" lon="-115.9983099"><ele>1972</ele><time>2026-09-10T01:31:14.000Z</time></trkpt><trkpt lat="51.3359659" lon="-115.9983994"><ele>1968</ele><time>2026-09-10T01:32:24.000Z</time></trkpt><trkpt lat="51.3359484" lon="-115.9984997"><ele>1965</ele><time>2026-09-10T01:32:31.000Z</time></trkpt><trkpt lat="51.335935" lon="-115.9986052"><ele>1963</ele><time>2026-09-10T01:32:36.000Z</time></trkpt><trkpt lat="51.3359113" lon="-115.9987188"><ele>1961</ele><time>2026-09-10T01:32:41.000Z</time></trkpt><trkpt lat="51.3358957" lon="-115.998817"><ele>1958</ele><time>2026-09-10T01:32:46.000Z</time></trkpt><trkpt lat="51.335867" lon="-115.9989181"><ele>1958</ele><time>2026-09-10T01:32:51.000Z</time></trkpt><trkpt lat="51.335837" lon="-115.9990223"><ele>1957</ele><time>2026-09-10T01:32:56.000Z</time></trkpt><trkpt lat="51.3358262" lon="-115.9991371"><ele>1956</ele><time>2026-09-10T01:33:01.000Z</time></trkpt><trkpt lat="51.3358062" lon="-115.9992489"><ele>1955</ele><time>2026-09-10T01:33:06.000Z</time></trkpt><trkpt lat="51.3357593" lon="-115.9993345"><ele>1954</ele><time>2026-09-10T01:33:12.000Z</time></trkpt><trkpt lat="51.3357081" lon="-115.9994094"><ele>1952</ele><time>2026-09-10T01:33:18.000Z</time></trkpt><trkpt lat="51.3356573" lon="-115.9994793"><ele>1951</ele><time>2026-09-10T01:33:23.000Z</time></trkpt><trkpt lat="51.3356047" lon="-115.9995529"><ele>1950</ele><time>2026-09-10T01:33:28.000Z</time></trkpt><trkpt lat="51.3355762" lon="-115.9996447"><ele>1949</ele><time>2026-09-10T01:33:33.000Z</time></trkpt><trkpt lat="51.3355274" lon="-115.9997263"><ele>1947</ele><time>2026-09-10T01:33:38.000Z</time></trkpt><trkpt lat="51.3354916" lon="-115.9998187"><ele>1945</ele><time>2026-09-10T01:33:43.000Z</time></trkpt><trkpt lat="51.3354704" lon="-115.9999223"><ele>1942</ele><time>2026-09-10T01:33:48.000Z</time></trkpt><trkpt lat="51.3354498" lon="-116.000028"><ele>1940</ele><time>2026-09-10T01:33:54.000Z</time></trkpt><trkpt lat="51.3354438" lon="-116.0001533"><ele>1938</ele><time>2026-09-10T01:34:00.000Z</time></trkpt><trkpt lat="51.3354367" lon="-116.0002742"><ele>1937</ele><time>2026-09-10T01:34:06.000Z</time></trkpt><trkpt lat="51.3354047" lon="-116.0003717"><ele>1934</ele><time>2026-09-10T01:34:13.000Z</time></trkpt><trkpt lat="51.3353713" lon="-116.0004628"><ele>1933</ele><time>2026-09-10T01:34:19.000Z</time></trkpt><trkpt lat="51.3353421" lon="-116.0005613"><ele>1931</ele><time>2026-09-10T01:34:53.000Z</time></trkpt><trkpt lat="51.3353391" lon="-116.0006714"><ele>1928</ele><time>2026-09-10T01:35:00.000Z</time></trkpt><trkpt lat="51.3353388" lon="-116.0007731"><ele>1926</ele><time>2026-09-10T01:35:06.000Z</time></trkpt><trkpt lat="51.3353372" lon="-116.0008898"><ele>1924</ele><time>2026-09-10T01:35:11.000Z</time></trkpt><trkpt lat="51.3353275" lon="-116.0009997"><ele>1922</ele><time>2026-09-10T01:35:16.000Z</time></trkpt><trkpt lat="51.3353009" lon="-116.0011026"><ele>1919</ele><time>2026-09-10T01:35:22.000Z</time></trkpt><trkpt lat="51.3352666" lon="-116.0011984"><ele>1917</ele><time>2026-09-10T01:35:31.000Z</time></trkpt><trkpt lat="51.3352227" lon="-116.001299"><ele>1916</ele><time>2026-09-10T01:35:39.000Z</time></trkpt><trkpt lat="51.3351804" lon="-116.001385"><ele>1915</ele><time>2026-09-10T01:35:47.000Z</time></trkpt><trkpt lat="51.3351534" lon="-116.0014864"><ele>1913</ele><time>2026-09-10T01:35:53.000Z</time></trkpt><trkpt lat="51.335132" lon="-116.0015948"><ele>1910</ele><time>2026-09-10T01:36:00.000Z</time></trkpt><trkpt lat="51.3351017" lon="-116.0016921"><ele>1906</ele><time>2026-09-10T01:36:09.000Z</time></trkpt><trkpt lat="51.335076" lon="-116.0017955"><ele>1903</ele><time>2026-09-10T01:36:18.000Z</time></trkpt><trkpt lat="51.3350451" lon="-116.0018969"><ele>1899</ele><time>2026-09-10T01:36:24.000Z</time></trkpt><trkpt lat="51.3350075" lon="-116.0019835"><ele>1897</ele><time>2026-09-10T01:36:31.000Z</time></trkpt><trkpt lat="51.3349744" lon="-116.0020773"><ele>1894</ele><time>2026-09-10T01:36:35.000Z</time></trkpt><trkpt lat="51.3349402" lon="-116.0021751"><ele>1890</ele><time>2026-09-10T01:36:38.000Z</time></trkpt><trkpt lat="51.3349135" lon="-116.0022732"><ele>1887</ele><time>2026-09-10T01:36:42.000Z</time></trkpt><trkpt lat="51.3348685" lon="-116.0023566"><ele>1885</ele><time>2026-09-10T01:36:50.000Z</time></trkpt><trkpt lat="51.3348488" lon="-116.0024588"><ele>1881</ele><time>2026-09-10T01:36:57.000Z</time></trkpt><trkpt lat="51.3348844" lon="-116.0025444"><ele>1880</ele><time>2026-09-10T01:37:05.000Z</time></trkpt><trkpt lat="51.3349151" lon="-116.0026397"><ele>1878</ele><time>2026-09-10T01:37:11.000Z</time></trkpt><trkpt lat="51.3349314" lon="-116.002738"><ele>1876</ele><time>2026-09-10T01:37:17.000Z</time></trkpt><trkpt lat="51.334933" lon="-116.0028505"><ele>1875</ele><time>2026-09-10T01:37:23.000Z</time></trkpt><trkpt lat="51.334933" lon="-116.0029611"><ele>1876</ele><time>2026-09-10T01:37:29.000Z</time></trkpt><trkpt lat="51.334928" lon="-116.0030751"><ele>1877</ele><time>2026-09-10T01:37:35.000Z</time></trkpt><trkpt lat="51.3349279" lon="-116.0031803"><ele>1877</ele><time>2026-09-10T01:37:43.000Z</time></trkpt><trkpt lat="51.3349247" lon="-116.0032959"><ele>1877</ele><time>2026-09-10T01:37:50.000Z</time></trkpt><trkpt lat="51.3349161" lon="-116.0034032"><ele>1876</ele><time>2026-09-10T01:37:56.000Z</time></trkpt><trkpt lat="51.3349185" lon="-116.003524"><ele>1876</ele><time>2026-09-10T01:38:02.000Z</time></trkpt><trkpt lat="51.3349224" lon="-116.0036334"><ele>1876</ele><time>2026-09-10T01:38:07.000Z</time></trkpt><trkpt lat="51.334913" lon="-116.0037333"><ele>1877</ele><time>2026-09-10T01:38:12.000Z</time></trkpt><trkpt lat="51.3349119" lon="-116.0038469"><ele>1878</ele><time>2026-09-10T01:38:17.000Z</time></trkpt><trkpt lat="51.3349164" lon="-116.0039581"><ele>1878</ele><time>2026-09-10T01:38:22.000Z</time></trkpt><trkpt lat="51.3349394" lon="-116.0040649"><ele>1877</ele><time>2026-09-10T01:38:27.000Z</time></trkpt><trkpt lat="51.3349656" lon="-116.0041656"><ele>1877</ele><time>2026-09-10T01:38:33.000Z</time></trkpt><trkpt lat="51.3349949" lon="-116.0042803"><ele>1877</ele><time>2026-09-10T01:38:39.000Z</time></trkpt><trkpt lat="51.3350217" lon="-116.0043854"><ele>1876</ele><time>2026-09-10T01:38:45.000Z</time></trkpt><trkpt lat="51.3350453" lon="-116.0044881"><ele>1876</ele><time>2026-09-10T01:38:50.000Z</time></trkpt><trkpt lat="51.3350748" lon="-116.0045862"><ele>1875</ele><time>2026-09-10T01:38:55.000Z</time></trkpt><trkpt lat="51.3351085" lon="-116.0046787"><ele>1875</ele><time>2026-09-10T01:39:01.000Z</time></trkpt><trkpt lat="51.3351675" lon="-116.0047427"><ele>1876</ele><time>2026-09-10T01:39:07.000Z</time></trkpt><trkpt lat="51.3352142" lon="-116.0048337"><ele>1875</ele><time>2026-09-10T01:39:12.000Z</time></trkpt><trkpt lat="51.3352556" lon="-116.0049143"><ele>1875</ele><time>2026-09-10T01:39:17.000Z</time></trkpt><trkpt lat="51.3352939" lon="-116.0049977"><ele>1875</ele><time>2026-09-10T01:39:22.000Z</time></trkpt><trkpt lat="51.3353483" lon="-116.0050787"><ele>1875</ele><time>2026-09-10T01:39:27.000Z</time></trkpt><trkpt lat="51.3353844" lon="-116.0051819"><ele>1875</ele><time>2026-09-10T01:39:32.000Z</time></trkpt><trkpt lat="51.335407" lon="-116.0052824"><ele>1874</ele><time>2026-09-10T01:39:37.000Z</time></trkpt><trkpt lat="51.3354195" lon="-116.0053852"><ele>1873</ele><time>2026-09-10T01:39:44.000Z</time></trkpt><trkpt lat="51.3354272" lon="-116.0054949"><ele>1872</ele><time>2026-09-10T01:39:49.000Z</time></trkpt><trkpt lat="51.3354261" lon="-116.0056057"><ele>1870</ele><time>2026-09-10T01:39:53.000Z</time></trkpt><trkpt lat="51.3354033" lon="-116.0057079"><ele>1869</ele><time>2026-09-10T01:39:57.000Z</time></trkpt><trkpt lat="51.3353667" lon="-116.0057915"><ele>1867</ele><time>2026-09-10T01:40:01.000Z</time></trkpt><trkpt lat="51.3353258" lon="-116.0058904"><ele>1865</ele><time>2026-09-10T01:40:05.000Z</time></trkpt><trkpt lat="51.3352696" lon="-116.0059502"><ele>1863</ele><time>2026-09-10T01:40:09.000Z</time></trkpt><trkpt lat="51.3352224" lon="-116.0060234"><ele>1861</ele><time>2026-09-10T01:40:13.000Z</time></trkpt><trkpt lat="51.3351797" lon="-116.0061177"><ele>1859</ele><time>2026-09-10T01:40:17.000Z</time></trkpt><trkpt lat="51.3351446" lon="-116.0062271"><ele>1856</ele><time>2026-09-10T01:40:21.000Z</time></trkpt><trkpt lat="51.3351038" lon="-116.0063173"><ele>1853</ele><time>2026-09-10T01:40:30.000Z</time></trkpt><trkpt lat="51.3350611" lon="-116.0064051"><ele>1850</ele><time>2026-09-10T01:40:39.000Z</time></trkpt><trkpt lat="51.3350406" lon="-116.006509"><ele>1847</ele><time>2026-09-10T01:40:45.000Z</time></trkpt><trkpt lat="51.3350393" lon="-116.0066224"><ele>1844</ele><time>2026-09-10T01:40:50.000Z</time></trkpt><trkpt lat="51.3350314" lon="-116.0067352"><ele>1841</ele><time>2026-09-10T01:40:57.000Z</time></trkpt><trkpt lat="51.3350324" lon="-116.006838"><ele>1838</ele><time>2026-09-10T01:41:04.000Z</time></trkpt><trkpt lat="51.3350307" lon="-116.0069398"><ele>1836</ele><time>2026-09-10T01:41:11.000Z</time></trkpt><trkpt lat="51.3350315" lon="-116.0070447"><ele>1835</ele><time>2026-09-10T01:41:37.000Z</time></trkpt><trkpt lat="51.3350369" lon="-116.0071461"><ele>1834</ele><time>2026-09-10T01:41:43.000Z</time></trkpt><trkpt lat="51.3350346" lon="-116.0072482"><ele>1832</ele><time>2026-09-10T01:41:49.000Z</time></trkpt><trkpt lat="51.3350205" lon="-116.0073573"><ele>1830</ele><time>2026-09-10T01:41:55.000Z</time></trkpt><trkpt lat="51.334996" lon="-116.0074564"><ele>1827</ele><time>2026-09-10T01:42:00.000Z</time></trkpt><trkpt lat="51.3350032" lon="-116.0075663"><ele>1825</ele><time>2026-09-10T01:42:08.000Z</time></trkpt><trkpt lat="51.3350018" lon="-116.007673"><ele>1824</ele><time>2026-09-10T01:42:15.000Z</time></trkpt><trkpt lat="51.3349827" lon="-116.0077852"><ele>1822</ele><time>2026-09-10T01:42:23.000Z</time></trkpt><trkpt lat="51.3349514" lon="-116.0078864"><ele>1820</ele><time>2026-09-10T01:42:30.000Z</time></trkpt><trkpt lat="51.3349183" lon="-116.0079734"><ele>1818</ele><time>2026-09-10T01:42:38.000Z</time></trkpt><trkpt lat="51.3348676" lon="-116.0080423"><ele>1815</ele><time>2026-09-10T01:42:47.000Z</time></trkpt><trkpt lat="51.334812" lon="-116.0081042"><ele>1812</ele><time>2026-09-10T01:42:57.000Z</time></trkpt><trkpt lat="51.3347654" lon="-116.008193"><ele>1808</ele><time>2026-09-10T01:43:05.000Z</time></trkpt><trkpt lat="51.3347199" lon="-116.0082763"><ele>1807</ele><time>2026-09-10T01:43:13.000Z</time></trkpt><trkpt lat="51.334658" lon="-116.0083319"><ele>1804</ele><time>2026-09-10T01:43:19.000Z</time></trkpt><trkpt lat="51.3346384" lon="-116.0084283"><ele>1801</ele><time>2026-09-10T01:43:24.000Z</time></trkpt><trkpt lat="51.3345864" lon="-116.008504"><ele>1797</ele><time>2026-09-10T01:43:29.000Z</time></trkpt><trkpt lat="51.3345341" lon="-116.0085749"><ele>1794</ele><time>2026-09-10T01:43:35.000Z</time></trkpt><trkpt lat="51.3344664" lon="-116.0086126"><ele>1792</ele><time>2026-09-10T01:43:42.000Z</time></trkpt><trkpt lat="51.3343995" lon="-116.0086601"><ele>1790</ele><time>2026-09-10T01:43:48.000Z</time></trkpt><trkpt lat="51.3343325" lon="-116.0086919"><ele>1788</ele><time>2026-09-10T01:43:54.000Z</time></trkpt><trkpt lat="51.3342675" lon="-116.0087406"><ele>1786</ele><time>2026-09-10T01:44:01.000Z</time></trkpt><trkpt lat="51.3342131" lon="-116.0088203"><ele>1782</ele><time>2026-09-10T01:44:07.000Z</time></trkpt><trkpt lat="51.3341913" lon="-116.0089278"><ele>1780</ele><time>2026-09-10T01:44:12.000Z</time></trkpt><trkpt lat="51.3341727" lon="-116.0090245"><ele>1778</ele><time>2026-09-10T01:44:17.000Z</time></trkpt><trkpt lat="51.3341437" lon="-116.009117"><ele>1775</ele><time>2026-09-10T01:44:22.000Z</time></trkpt><trkpt lat="51.3340948" lon="-116.0091967"><ele>1772</ele><time>2026-09-10T01:44:28.000Z</time></trkpt><trkpt lat="51.3340805" lon="-116.0093081"><ele>1769</ele><time>2026-09-10T01:44:34.000Z</time></trkpt><trkpt lat="51.3341093" lon="-116.0094073"><ele>1768</ele><time>2026-09-10T01:44:39.000Z</time></trkpt><trkpt lat="51.3341303" lon="-116.0095109"><ele>1766</ele><time>2026-09-10T01:44:45.000Z</time></trkpt><trkpt lat="51.3341199" lon="-116.0096193"><ele>1765</ele><time>2026-09-10T01:44:57.000Z</time></trkpt><trkpt lat="51.3341505" lon="-116.0097251"><ele>1764</ele><time>2026-09-10T01:45:05.000Z</time></trkpt><trkpt lat="51.3342074" lon="-116.0098039"><ele>1764</ele><time>2026-09-10T01:45:11.000Z</time></trkpt><trkpt lat="51.3342524" lon="-116.0098765"><ele>1764</ele><time>2026-09-10T01:45:17.000Z</time></trkpt><trkpt lat="51.3342972" lon="-116.0099677"><ele>1765</ele><time>2026-09-10T01:45:23.000Z</time></trkpt><trkpt lat="51.3343349" lon="-116.0100587"><ele>1765</ele><time>2026-09-10T01:45:31.000Z</time></trkpt><trkpt lat="51.3343856" lon="-116.0101261"><ele>1765</ele><time>2026-09-10T01:45:39.000Z</time></trkpt><trkpt lat="51.3344363" lon="-116.0101979"><ele>1765</ele><time>2026-09-10T01:45:45.000Z</time></trkpt><trkpt lat="51.3344928" lon="-116.0102507"><ele>1765</ele><time>2026-09-10T01:45:51.000Z</time></trkpt><trkpt lat="51.334553" lon="-116.010295"><ele>1764</ele><time>2026-09-10T01:45:57.000Z</time></trkpt><trkpt lat="51.3346042" lon="-116.0103714"><ele>1762</ele><time>2026-09-10T01:46:02.000Z</time></trkpt><trkpt lat="51.3346311" lon="-116.0104693"><ele>1760</ele><time>2026-09-10T01:46:07.000Z</time></trkpt><trkpt lat="51.3346342" lon="-116.0105754"><ele>1757</ele><time>2026-09-10T01:46:13.000Z</time></trkpt><trkpt lat="51.3346336" lon="-116.010677"><ele>1755</ele><time>2026-09-10T01:46:20.000Z</time></trkpt><trkpt lat="51.3346007" lon="-116.0107757"><ele>1754</ele><time>2026-09-10T01:46:26.000Z</time></trkpt><trkpt lat="51.3345536" lon="-116.0108531"><ele>1753</ele><time>2026-09-10T01:46:32.000Z</time></trkpt><trkpt lat="51.3344975" lon="-116.0109133"><ele>1750</ele><time>2026-09-10T01:46:38.000Z</time></trkpt><trkpt lat="51.3344465" lon="-116.0109737"><ele>1749</ele><time>2026-09-10T01:46:45.000Z</time></trkpt><trkpt lat="51.3343963" lon="-116.0110347"><ele>1747</ele><time>2026-09-10T01:46:53.000Z</time></trkpt><trkpt lat="51.3343496" lon="-116.0111097"><ele>1745</ele><time>2026-09-10T01:47:00.000Z</time></trkpt><trkpt lat="51.3343068" lon="-116.0111974"><ele>1742</ele><time>2026-09-10T01:47:08.000Z</time></trkpt><trkpt lat="51.3342857" lon="-116.0113096"><ele>1741</ele><time>2026-09-10T01:47:14.000Z</time></trkpt><trkpt lat="51.3342544" lon="-116.0114042"><ele>1740</ele><time>2026-09-10T01:47:19.000Z</time></trkpt><trkpt lat="51.3342115" lon="-116.0114809"><ele>1739</ele><time>2026-09-10T01:47:25.000Z</time></trkpt><trkpt lat="51.3341715" lon="-116.0115611"><ele>1739</ele><time>2026-09-10T01:47:31.000Z</time></trkpt><trkpt lat="51.334157" lon="-116.0116705"><ele>1738</ele><time>2026-09-10T01:47:37.000Z</time></trkpt><trkpt lat="51.3341502" lon="-116.0117728"><ele>1738</ele><time>2026-09-10T01:47:44.000Z</time></trkpt><trkpt lat="51.3341219" lon="-116.0118694"><ele>1736</ele><time>2026-09-10T01:47:51.000Z</time></trkpt><trkpt lat="51.3340801" lon="-116.0119593"><ele>1736</ele><time>2026-09-10T01:47:59.000Z</time></trkpt><trkpt lat="51.3340383" lon="-116.0120503"><ele>1735</ele><time>2026-09-10T01:48:07.000Z</time></trkpt><trkpt lat="51.3340276" lon="-116.0121523"><ele>1734</ele><time>2026-09-10T01:48:13.000Z</time></trkpt><trkpt lat="51.3340411" lon="-116.012266"><ele>1732</ele><time>2026-09-10T01:48:20.000Z</time></trkpt><trkpt lat="51.3340487" lon="-116.0123735"><ele>1730</ele><time>2026-09-10T01:48:26.000Z</time></trkpt><trkpt lat="51.3340552" lon="-116.0124738"><ele>1728</ele><time>2026-09-10T01:48:32.000Z</time></trkpt><trkpt lat="51.3340613" lon="-116.0125783"><ele>1725</ele><time>2026-09-10T01:48:37.000Z</time></trkpt><trkpt lat="51.33406" lon="-116.0126794"><ele>1723</ele><time>2026-09-10T01:48:43.000Z</time></trkpt><trkpt lat="51.334064" lon="-116.0127842"><ele>1720</ele><time>2026-09-10T01:48:51.000Z</time></trkpt><trkpt lat="51.3340772" lon="-116.0128945"><ele>1719</ele><time>2026-09-10T01:48:58.000Z</time></trkpt><trkpt lat="51.3340886" lon="-116.0130118"><ele>1717</ele><time>2026-09-10T01:49:04.000Z</time></trkpt><trkpt lat="51.3341048" lon="-116.0131104"><ele>1714</ele><time>2026-09-10T01:49:13.000Z</time></trkpt><trkpt lat="51.3341135" lon="-116.0132205"><ele>1711</ele><time>2026-09-10T01:49:20.000Z</time></trkpt><trkpt lat="51.3340887" lon="-116.0133148"><ele>1707</ele><time>2026-09-10T01:49:26.000Z</time></trkpt><trkpt lat="51.3340388" lon="-116.0133965"><ele>1706</ele><time>2026-09-10T01:49:32.000Z</time></trkpt><trkpt lat="51.3339746" lon="-116.0134443"><ele>1704</ele><time>2026-09-10T01:49:38.000Z</time></trkpt><trkpt lat="51.3339214" lon="-116.013513"><ele>1703</ele><time>2026-09-10T01:49:43.000Z</time></trkpt><trkpt lat="51.3339249" lon="-116.01363"><ele>1701</ele><time>2026-09-10T01:49:49.000Z</time></trkpt><trkpt lat="51.3339284" lon="-116.0137415"><ele>1699</ele><time>2026-09-10T01:49:58.000Z</time></trkpt><trkpt lat="51.3339454" lon="-116.013844"><ele>1696</ele><time>2026-09-10T01:50:05.000Z</time></trkpt><trkpt lat="51.3339664" lon="-116.0139495"><ele>1695</ele><time>2026-09-10T01:50:11.000Z</time></trkpt><trkpt lat="51.3339656" lon="-116.0140534"><ele>1695</ele><time>2026-09-10T01:50:16.000Z</time></trkpt><trkpt lat="51.3339504" lon="-116.0141577"><ele>1694</ele><time>2026-09-10T01:50:21.000Z</time></trkpt><trkpt lat="51.333931" lon="-116.0142548"><ele>1693</ele><time>2026-09-10T01:50:27.000Z</time></trkpt><trkpt lat="51.333901" lon="-116.0143594"><ele>1693</ele><time>2026-09-10T01:50:32.000Z</time></trkpt><trkpt lat="51.3338839" lon="-116.0144663"><ele>1691</ele><time>2026-09-10T01:50:37.000Z</time></trkpt><trkpt lat="51.3338841" lon="-116.0145689"><ele>1690</ele><time>2026-09-10T01:50:43.000Z</time></trkpt><trkpt lat="51.3339197" lon="-116.0146531"><ele>1689</ele><time>2026-09-10T01:50:50.000Z</time></trkpt><trkpt lat="51.3339492" lon="-116.0147604"><ele>1686</ele><time>2026-09-10T01:50:57.000Z</time></trkpt><trkpt lat="51.3339593" lon="-116.0148636"><ele>1684</ele><time>2026-09-10T01:51:18.000Z</time></trkpt><trkpt lat="51.3339601" lon="-116.0149723"><ele>1682</ele><time>2026-09-10T01:51:25.000Z</time></trkpt><trkpt lat="51.3339753" lon="-116.0150859"><ele>1679</ele><time>2026-09-10T01:51:32.000Z</time></trkpt><trkpt lat="51.3340116" lon="-116.015181"><ele>1677</ele><time>2026-09-10T01:51:42.000Z</time></trkpt><trkpt lat="51.3340324" lon="-116.0152816"><ele>1676</ele><time>2026-09-10T01:51:50.000Z</time></trkpt><trkpt lat="51.3340326" lon="-116.0153991"><ele>1673</ele><time>2026-09-10T01:51:55.000Z</time></trkpt><trkpt lat="51.3340176" lon="-116.0155015"><ele>1672</ele><time>2026-09-10T01:52:01.000Z</time></trkpt><trkpt lat="51.3340129" lon="-116.0156069"><ele>1670</ele><time>2026-09-10T01:52:06.000Z</time></trkpt><trkpt lat="51.3340191" lon="-116.0157188"><ele>1669</ele><time>2026-09-10T01:52:11.000Z</time></trkpt><trkpt lat="51.3340123" lon="-116.0158341"><ele>1668</ele><time>2026-09-10T01:52:17.000Z</time></trkpt><trkpt lat="51.3339917" lon="-116.0159301"><ele>1666</ele><time>2026-09-10T01:52:22.000Z</time></trkpt><trkpt lat="51.3339711" lon="-116.0160434"><ele>1665</ele><time>2026-09-10T01:52:28.000Z</time></trkpt><trkpt lat="51.3339393" lon="-116.0161487"><ele>1663</ele><time>2026-09-10T01:52:33.000Z</time></trkpt><trkpt lat="51.3339091" lon="-116.0162377"><ele>1660</ele><time>2026-09-10T01:52:38.000Z</time></trkpt><trkpt lat="51.3338606" lon="-116.0163273"><ele>1659</ele><time>2026-09-10T01:52:43.000Z</time></trkpt><trkpt lat="51.3338187" lon="-116.0164109"><ele>1658</ele><time>2026-09-10T01:52:48.000Z</time></trkpt><trkpt lat="51.3337853" lon="-116.0165009"><ele>1657</ele><time>2026-09-10T01:52:55.000Z</time></trkpt><trkpt lat="51.3337539" lon="-116.0165884"><ele>1657</ele><time>2026-09-10T01:53:03.000Z</time></trkpt><trkpt lat="51.3337197" lon="-116.0166944"><ele>1657</ele><time>2026-09-10T01:53:08.000Z</time></trkpt><trkpt lat="51.3336677" lon="-116.0167756"><ele>1655</ele><time>2026-09-10T01:53:12.000Z</time></trkpt><trkpt lat="51.3336094" lon="-116.0168177"><ele>1655</ele><time>2026-09-10T01:53:17.000Z</time></trkpt><trkpt lat="51.3335438" lon="-116.0168479"><ele>1654</ele><time>2026-09-10T01:53:22.000Z</time></trkpt><trkpt lat="51.3334722" lon="-116.0168473"><ele>1653</ele><time>2026-09-10T01:53:27.000Z</time></trkpt><trkpt lat="51.3334013" lon="-116.0168494"><ele>1653</ele><time>2026-09-10T01:53:31.000Z</time></trkpt><trkpt lat="51.3333378" lon="-116.01686"><ele>1652</ele><time>2026-09-10T01:53:35.000Z</time></trkpt><trkpt lat="51.333264" lon="-116.0168974"><ele>1651</ele><time>2026-09-10T01:53:40.000Z</time></trkpt><trkpt lat="51.333193" lon="-116.0169288"><ele>1650</ele><time>2026-09-10T01:53:46.000Z</time></trkpt><trkpt lat="51.3331174" lon="-116.016935"><ele>1649</ele><time>2026-09-10T01:53:51.000Z</time></trkpt><trkpt lat="51.333054" lon="-116.0169173"><ele>1649</ele><time>2026-09-10T01:53:56.000Z</time></trkpt><trkpt lat="51.3329898" lon="-116.0168931"><ele>1648</ele><time>2026-09-10T01:54:02.000Z</time></trkpt><trkpt lat="51.3329188" lon="-116.0168871"><ele>1648</ele><time>2026-09-10T01:54:07.000Z</time></trkpt><trkpt lat="51.3328503" lon="-116.016885"><ele>1647</ele><time>2026-09-10T01:54:12.000Z</time></trkpt><trkpt lat="51.3327879" lon="-116.0169106"><ele>1646</ele><time>2026-09-10T01:54:17.000Z</time></trkpt><trkpt lat="51.3327212" lon="-116.0169161"><ele>1646</ele><time>2026-09-10T01:54:22.000Z</time></trkpt><trkpt lat="51.3326799" lon="-116.0170069"><ele>1646</ele><time>2026-09-10T01:54:27.000Z</time></trkpt><trkpt lat="51.3326684" lon="-116.0171125"><ele>1645</ele><time>2026-09-10T01:54:32.000Z</time></trkpt><trkpt lat="51.3326529" lon="-116.0172263"><ele>1645</ele><time>2026-09-10T01:54:37.000Z</time></trkpt><trkpt lat="51.3326446" lon="-116.0173423"><ele>1644</ele><time>2026-09-10T01:54:44.000Z</time></trkpt><trkpt lat="51.332637" lon="-116.0174496"><ele>1643</ele><time>2026-09-10T01:54:53.000Z</time></trkpt><trkpt lat="51.3325951" lon="-116.0175464"><ele>1642</ele><time>2026-09-10T01:55:01.000Z</time></trkpt><trkpt lat="51.3325315" lon="-116.0176096"><ele>1642</ele><time>2026-09-10T01:55:10.000Z</time></trkpt><trkpt lat="51.3324754" lon="-116.0176632"><ele>1642</ele><time>2026-09-10T01:55:16.000Z</time></trkpt><trkpt lat="51.3324384" lon="-116.0177462"><ele>1642</ele><time>2026-09-10T01:55:22.000Z</time></trkpt><trkpt lat="51.3324076" lon="-116.0178358"><ele>1643</ele><time>2026-09-10T01:55:29.000Z</time></trkpt><trkpt lat="51.3323879" lon="-116.0179466"><ele>1645</ele><time>2026-09-10T01:55:36.000Z</time></trkpt><trkpt lat="51.3323358" lon="-116.0180229"><ele>1646</ele><time>2026-09-10T01:55:42.000Z</time></trkpt><trkpt lat="51.3322716" lon="-116.0180464"><ele>1646</ele><time>2026-09-10T01:55:46.000Z</time></trkpt><trkpt lat="51.3322043" lon="-116.0180996"><ele>1646</ele><time>2026-09-10T01:55:50.000Z</time></trkpt><trkpt lat="51.3321501" lon="-116.0181655"><ele>1646</ele><time>2026-09-10T01:55:55.000Z</time></trkpt><trkpt lat="51.3321042" lon="-116.0182566"><ele>1645</ele><time>2026-09-10T01:56:01.000Z</time></trkpt><trkpt lat="51.3320419" lon="-116.018326"><ele>1645</ele><time>2026-09-10T01:56:07.000Z</time></trkpt><trkpt lat="51.3319776" lon="-116.0183303"><ele>1645</ele><time>2026-09-10T01:56:12.000Z</time></trkpt><trkpt lat="51.331907" lon="-116.0183397"><ele>1645</ele><time>2026-09-10T01:56:18.000Z</time></trkpt><trkpt lat="51.3318337" lon="-116.0183365"><ele>1644</ele><time>2026-09-10T01:56:24.000Z</time></trkpt><trkpt lat="51.3317627" lon="-116.0183067"><ele>1644</ele><time>2026-09-10T01:56:28.000Z</time></trkpt><trkpt lat="51.3316898" lon="-116.0182817"><ele>1643</ele><time>2026-09-10T01:56:33.000Z</time></trkpt><trkpt lat="51.3316239" lon="-116.0183145"><ele>1642</ele><time>2026-09-10T01:56:38.000Z</time></trkpt><trkpt lat="51.3315627" lon="-116.0183444"><ele>1642</ele><time>2026-09-10T01:56:43.000Z</time></trkpt><trkpt lat="51.3314919" lon="-116.0183479"><ele>1641</ele><time>2026-09-10T01:56:49.000Z</time></trkpt><trkpt lat="51.3314279" lon="-116.0183585"><ele>1641</ele><time>2026-09-10T01:56:57.000Z</time></trkpt><trkpt lat="51.3313503" lon="-116.018369"><ele>1641</ele><time>2026-09-10T01:57:03.000Z</time></trkpt><trkpt lat="51.3312873" lon="-116.0184128"><ele>1641</ele><time>2026-09-10T01:57:08.000Z</time></trkpt><trkpt lat="51.3312353" lon="-116.0184754"><ele>1641</ele><time>2026-09-10T01:57:13.000Z</time></trkpt><trkpt lat="51.3312008" lon="-116.0185653"><ele>1640</ele><time>2026-09-10T01:57:18.000Z</time></trkpt><trkpt lat="51.3311925" lon="-116.0186795"><ele>1640</ele><time>2026-09-10T01:57:24.000Z</time></trkpt><trkpt lat="51.3311754" lon="-116.0187969"><ele>1639</ele><time>2026-09-10T01:57:30.000Z</time></trkpt><trkpt lat="51.3311488" lon="-116.018908"><ele>1639</ele><time>2026-09-10T01:57:36.000Z</time></trkpt><trkpt lat="51.3311215" lon="-116.0190079"><ele>1638</ele><time>2026-09-10T01:57:42.000Z</time></trkpt><trkpt lat="51.3311032" lon="-116.0191049"><ele>1637</ele><time>2026-09-10T01:57:48.000Z</time></trkpt><trkpt lat="51.3310604" lon="-116.0192048"><ele>1636</ele><time>2026-09-10T01:57:53.000Z</time></trkpt><trkpt lat="51.3310415" lon="-116.0193129"><ele>1636</ele><time>2026-09-10T01:57:58.000Z</time></trkpt><trkpt lat="51.3310266" lon="-116.0194224"><ele>1635</ele><time>2026-09-10T01:58:03.000Z</time></trkpt><trkpt lat="51.3310213" lon="-116.0195296"><ele>1635</ele><time>2026-09-10T01:58:09.000Z</time></trkpt><trkpt lat="51.3310154" lon="-116.0196475"><ele>1635</ele><time>2026-09-10T01:58:14.000Z</time></trkpt><trkpt lat="51.3310017" lon="-116.0197565"><ele>1635</ele><time>2026-09-10T01:58:19.000Z</time></trkpt><trkpt lat="51.330999" lon="-116.0198677"><ele>1634</ele><time>2026-09-10T01:58:24.000Z</time></trkpt><trkpt lat="51.3310025" lon="-116.0199688"><ele>1633</ele><time>2026-09-10T01:58:29.000Z</time></trkpt><trkpt lat="51.3310036" lon="-116.0200716"><ele>1632</ele><time>2026-09-10T01:58:34.000Z</time></trkpt><trkpt lat="51.3309932" lon="-116.0201802"><ele>1632</ele><time>2026-09-10T01:58:40.000Z</time></trkpt><trkpt lat="51.3309844" lon="-116.0202979"><ele>1629</ele><time>2026-09-10T01:58:45.000Z</time></trkpt><trkpt lat="51.3309712" lon="-116.0204084"><ele>1628</ele><time>2026-09-10T01:58:50.000Z</time></trkpt><trkpt lat="51.3309491" lon="-116.0205038"><ele>1626</ele><time>2026-09-10T01:58:54.000Z</time></trkpt><trkpt lat="51.3309143" lon="-116.0205956"><ele>1625</ele><time>2026-09-10T01:58:58.000Z</time></trkpt><trkpt lat="51.330893" lon="-116.0207118"><ele>1623</ele><time>2026-09-10T01:59:03.000Z</time></trkpt><trkpt lat="51.3308651" lon="-116.0208164"><ele>1623</ele><time>2026-09-10T01:59:10.000Z</time></trkpt><trkpt lat="51.3308296" lon="-116.0209176"><ele>1622</ele><time>2026-09-10T01:59:17.000Z</time></trkpt><trkpt lat="51.3307835" lon="-116.0209866"><ele>1622</ele><time>2026-09-10T01:59:26.000Z</time></trkpt><trkpt lat="51.3307219" lon="-116.021035"><ele>1621</ele><time>2026-09-10T01:59:33.000Z</time></trkpt><trkpt lat="51.3306708" lon="-116.021113"><ele>1620</ele><time>2026-09-10T01:59:40.000Z</time></trkpt><trkpt lat="51.3306326" lon="-116.021194"><ele>1619</ele><time>2026-09-10T01:59:46.000Z</time></trkpt><trkpt lat="51.3306475" lon="-116.0213021"><ele>1617</ele><time>2026-09-10T01:59:51.000Z</time></trkpt><trkpt lat="51.3305978" lon="-116.0213792"><ele>1615</ele><time>2026-09-10T01:59:57.000Z</time></trkpt><trkpt lat="51.3305312" lon="-116.0214116"><ele>1616</ele><time>2026-09-10T02:00:03.000Z</time></trkpt><trkpt lat="51.3304718" lon="-116.0214746"><ele>1617</ele><time>2026-09-10T02:00:08.000Z</time></trkpt><trkpt lat="51.3304171" lon="-116.0215293"><ele>1617</ele><time>2026-09-10T02:00:13.000Z</time></trkpt><trkpt lat="51.3303588" lon="-116.0215847"><ele>1617</ele><time>2026-09-10T02:00:18.000Z</time></trkpt><trkpt lat="51.3302961" lon="-116.0216452"><ele>1617</ele><time>2026-09-10T02:00:23.000Z</time></trkpt><trkpt lat="51.3302299" lon="-116.0216535"><ele>1617</ele><time>2026-09-10T02:00:29.000Z</time></trkpt><trkpt lat="51.3301628" lon="-116.021629"><ele>1617</ele><time>2026-09-10T02:00:35.000Z</time></trkpt><trkpt lat="51.3300943" lon="-116.0216483"><ele>1616</ele><time>2026-09-10T02:00:40.000Z</time></trkpt><trkpt lat="51.330038" lon="-116.0217043"><ele>1615</ele><time>2026-09-10T02:00:45.000Z</time></trkpt><trkpt lat="51.3299831" lon="-116.0217727"><ele>1614</ele><time>2026-09-10T02:00:51.000Z</time></trkpt><trkpt lat="51.3299215" lon="-116.0218161"><ele>1613</ele><time>2026-09-10T02:00:57.000Z</time></trkpt><trkpt lat="51.3298514" lon="-116.0218054"><ele>1612</ele><time>2026-09-10T02:01:02.000Z</time></trkpt><trkpt lat="51.3297771" lon="-116.0218053"><ele>1612</ele><time>2026-09-10T02:01:06.000Z</time></trkpt><trkpt lat="51.3297186" lon="-116.0218433"><ele>1611</ele><time>2026-09-10T02:01:10.000Z</time></trkpt><trkpt lat="51.3296658" lon="-116.0219232"><ele>1610</ele><time>2026-09-10T02:01:15.000Z</time></trkpt><trkpt lat="51.3296052" lon="-116.0219932"><ele>1608</ele><time>2026-09-10T02:01:20.000Z</time></trkpt><trkpt lat="51.3295435" lon="-116.022056"><ele>1607</ele><time>2026-09-10T02:01:24.000Z</time></trkpt><trkpt lat="51.3294982" lon="-116.0221291"><ele>1606</ele><time>2026-09-10T02:01:28.000Z</time></trkpt><trkpt lat="51.3294457" lon="-116.0221861"><ele>1605</ele><time>2026-09-10T02:01:33.000Z</time></trkpt><trkpt lat="51.329378" lon="-116.0221992"><ele>1603</ele><time>2026-09-10T02:01:41.000Z</time></trkpt><trkpt lat="51.3293045" lon="-116.0222357"><ele>1603</ele><time>2026-09-10T02:01:46.000Z</time></trkpt><trkpt lat="51.3292639" lon="-116.0223183"><ele>1602</ele><time>2026-09-10T02:01:51.000Z</time></trkpt><trkpt lat="51.3292384" lon="-116.022415"><ele>1601</ele><time>2026-09-10T02:01:56.000Z</time></trkpt><trkpt lat="51.3292168" lon="-116.0225224"><ele>1600</ele><time>2026-09-10T02:02:01.000Z</time></trkpt><trkpt lat="51.3291668" lon="-116.0226089"><ele>1599</ele><time>2026-09-10T02:02:07.000Z</time></trkpt><trkpt lat="51.3291193" lon="-116.0226836"><ele>1598</ele><time>2026-09-10T02:02:14.000Z</time></trkpt><trkpt lat="51.3290781" lon="-116.0227696"><ele>1597</ele><time>2026-09-10T02:02:19.000Z</time></trkpt><trkpt lat="51.329047" lon="-116.022872"><ele>1596</ele><time>2026-09-10T02:02:28.000Z</time></trkpt><trkpt lat="51.329001" lon="-116.0229435"><ele>1596</ele><time>2026-09-10T02:02:34.000Z</time></trkpt><trkpt lat="51.3289394" lon="-116.0229949"><ele>1594</ele><time>2026-09-10T02:02:40.000Z</time></trkpt><trkpt lat="51.3289225" lon="-116.0230958"><ele>1592</ele><time>2026-09-10T02:02:45.000Z</time></trkpt><trkpt lat="51.3289303" lon="-116.0232092"><ele>1589</ele><time>2026-09-10T02:02:50.000Z</time></trkpt><trkpt lat="51.3289275" lon="-116.0233156"><ele>1588</ele><time>2026-09-10T02:02:55.000Z</time></trkpt><trkpt lat="51.3288993" lon="-116.0234166"><ele>1589</ele><time>2026-09-10T02:03:01.000Z</time></trkpt><trkpt lat="51.3288504" lon="-116.0234956"><ele>1590</ele><time>2026-09-10T02:03:06.000Z</time></trkpt><trkpt lat="51.3287873" lon="-116.0235568"><ele>1590</ele><time>2026-09-10T02:03:12.000Z</time></trkpt><trkpt lat="51.3287254" lon="-116.0236039"><ele>1590</ele><time>2026-09-10T02:03:19.000Z</time></trkpt><trkpt lat="51.328661" lon="-116.023633"><ele>1589</ele><time>2026-09-10T02:03:28.000Z</time></trkpt><trkpt lat="51.3285937" lon="-116.0236594"><ele>1588</ele><time>2026-09-10T02:03:35.000Z</time></trkpt><trkpt lat="51.3285298" lon="-116.0236706"><ele>1588</ele><time>2026-09-10T02:03:42.000Z</time></trkpt><trkpt lat="51.328465" lon="-116.0237008"><ele>1586</ele><time>2026-09-10T02:03:47.000Z</time></trkpt><trkpt lat="51.3284016" lon="-116.0237471"><ele>1583</ele><time>2026-09-10T02:03:52.000Z</time></trkpt><trkpt lat="51.3283361" lon="-116.0237773"><ele>1581</ele><time>2026-09-10T02:03:57.000Z</time></trkpt><trkpt lat="51.3282774" lon="-116.0238139"><ele>1581</ele><time>2026-09-10T02:04:04.000Z</time></trkpt><trkpt lat="51.3282125" lon="-116.0238167"><ele>1583</ele><time>2026-09-10T02:04:11.000Z</time></trkpt><trkpt lat="51.3281531" lon="-116.0237699"><ele>1583</ele><time>2026-09-10T02:04:17.000Z</time></trkpt><trkpt lat="51.3280879" lon="-116.0237037"><ele>1583</ele><time>2026-09-10T02:04:23.000Z</time></trkpt><trkpt lat="51.328025" lon="-116.0236533"><ele>1583</ele><time>2026-09-10T02:04:30.000Z</time></trkpt><trkpt lat="51.3279618" lon="-116.0236293"><ele>1582</ele><time>2026-09-10T02:04:36.000Z</time></trkpt><trkpt lat="51.3279153" lon="-116.0237187"><ele>1580</ele><time>2026-09-10T02:04:42.000Z</time></trkpt><trkpt lat="51.3278912" lon="-116.0238256"><ele>1578</ele><time>2026-09-10T02:04:47.000Z</time></trkpt><trkpt lat="51.327849" lon="-116.0239208"><ele>1576</ele><time>2026-09-10T02:04:53.000Z</time></trkpt><trkpt lat="51.3277972" lon="-116.0239844"><ele>1575</ele><time>2026-09-10T02:04:58.000Z</time></trkpt><trkpt lat="51.3277336" lon="-116.0239734"><ele>1573</ele><time>2026-09-10T02:05:03.000Z</time></trkpt><trkpt lat="51.3276754" lon="-116.0240419"><ele>1572</ele><time>2026-09-10T02:05:07.000Z</time></trkpt><trkpt lat="51.3276221" lon="-116.0241091"><ele>1571</ele><time>2026-09-10T02:05:12.000Z</time></trkpt><trkpt lat="51.3275541" lon="-116.0241594"><ele>1571</ele><time>2026-09-10T02:05:18.000Z</time></trkpt><trkpt lat="51.3274869" lon="-116.024174"><ele>1570</ele><time>2026-09-10T02:05:23.000Z</time></trkpt><trkpt lat="51.3274203" lon="-116.0242158"><ele>1568</ele><time>2026-09-10T02:05:28.000Z</time></trkpt><trkpt lat="51.3273716" lon="-116.0242808"><ele>1567</ele><time>2026-09-10T02:05:33.000Z</time></trkpt><trkpt lat="51.3273329" lon="-116.0243772"><ele>1566</ele><time>2026-09-10T02:05:37.000Z</time></trkpt><trkpt lat="51.3273097" lon="-116.024481"><ele>1565</ele><time>2026-09-10T02:05:42.000Z</time></trkpt><trkpt lat="51.3272533" lon="-116.0245411"><ele>1564</ele><time>2026-09-10T02:05:48.000Z</time></trkpt><trkpt lat="51.3271839" lon="-116.0245734"><ele>1563</ele><time>2026-09-10T02:05:53.000Z</time></trkpt><trkpt lat="51.3271272" lon="-116.0246368"><ele>1561</ele><time>2026-09-10T02:05:58.000Z</time></trkpt><trkpt lat="51.327073" lon="-116.024701"><ele>1560</ele><time>2026-09-10T02:06:03.000Z</time></trkpt><trkpt lat="51.3270039" lon="-116.0247432"><ele>1558</ele><time>2026-09-10T02:06:07.000Z</time></trkpt><trkpt lat="51.3269323" lon="-116.0247705"><ele>1555</ele><time>2026-09-10T02:06:12.000Z</time></trkpt><trkpt lat="51.3268734" lon="-116.0248424"><ele>1554</ele><time>2026-09-10T02:06:49.000Z</time></trkpt><trkpt lat="51.3268031" lon="-116.0248543"><ele>1553</ele><time>2026-09-10T02:06:58.000Z</time></trkpt><trkpt lat="51.3267249" lon="-116.0248401"><ele>1550</ele><time>2026-09-10T02:07:37.000Z</time></trkpt><trkpt lat="51.3266587" lon="-116.0248529"><ele>1549</ele><time>2026-09-10T02:07:46.000Z</time></trkpt><trkpt lat="51.3265896" lon="-116.0248801"><ele>1548</ele><time>2026-09-10T02:07:51.000Z</time></trkpt><trkpt lat="51.3265254" lon="-116.0249104"><ele>1545</ele><time>2026-09-10T02:07:56.000Z</time></trkpt><trkpt lat="51.3264594" lon="-116.0249362"><ele>1545</ele><time>2026-09-10T02:08:01.000Z</time></trkpt><trkpt lat="51.3264361" lon="-116.0250302"><ele>1544</ele><time>2026-09-10T02:08:07.000Z</time></trkpt><trkpt lat="51.3264025" lon="-116.0251251"><ele>1543</ele><time>2026-09-10T02:08:13.000Z</time></trkpt><trkpt lat="51.3263435" lon="-116.0251646"><ele>1541</ele><time>2026-09-10T02:08:18.000Z</time></trkpt><trkpt lat="51.3262742" lon="-116.025183"><ele>1539</ele><time>2026-09-10T02:08:23.000Z</time></trkpt><trkpt lat="51.3262199" lon="-116.0252391"><ele>1536</ele><time>2026-09-10T02:08:27.000Z</time></trkpt><trkpt lat="51.3261576" lon="-116.0252655"><ele>1533</ele><time>2026-09-10T02:08:31.000Z</time></trkpt><trkpt lat="51.3260956" lon="-116.025296"><ele>1530</ele><time>2026-09-10T02:08:38.000Z</time></trkpt><trkpt lat="51.3260279" lon="-116.0253059"><ele>1528</ele><time>2026-09-10T02:08:45.000Z</time></trkpt><trkpt lat="51.3259939" lon="-116.0254102"><ele>1525</ele><time>2026-09-10T02:08:52.000Z</time></trkpt><trkpt lat="51.3259729" lon="-116.0255168"><ele>1522</ele><time>2026-09-10T02:08:58.000Z</time></trkpt><trkpt lat="51.3259392" lon="-116.0256246"><ele>1520</ele><time>2026-09-10T02:09:04.000Z</time></trkpt><trkpt lat="51.3259025" lon="-116.0257183"><ele>1516</ele><time>2026-09-10T02:09:09.000Z</time></trkpt><trkpt lat="51.325853" lon="-116.0257829"><ele>1513</ele><time>2026-09-10T02:09:14.000Z</time></trkpt><trkpt lat="51.3258295" lon="-116.0258858"><ele>1511</ele><time>2026-09-10T02:09:19.000Z</time></trkpt><trkpt lat="51.3258095" lon="-116.0259932"><ele>1510</ele><time>2026-09-10T02:09:24.000Z</time></trkpt><trkpt lat="51.325806" lon="-116.026097"><ele>1508</ele><time>2026-09-10T02:09:28.000Z</time></trkpt><trkpt lat="51.3257993" lon="-116.0262167"><ele>1506</ele><time>2026-09-10T02:09:32.000Z</time></trkpt><trkpt lat="51.3257748" lon="-116.0263136"><ele>1505</ele><time>2026-09-10T02:09:38.000Z</time></trkpt><trkpt lat="51.325741" lon="-116.026406"><ele>1502</ele><time>2026-09-10T02:09:43.000Z</time></trkpt><trkpt lat="51.3257028" lon="-116.0265079"><ele>1501</ele><time>2026-09-10T02:09:49.000Z</time></trkpt><trkpt lat="51.3256652" lon="-116.0266037"><ele>1499</ele><time>2026-09-10T02:09:57.000Z</time></trkpt><trkpt lat="51.325619" lon="-116.0266724"><ele>1498</ele><time>2026-09-10T02:10:03.000Z</time></trkpt><trkpt lat="51.3255625" lon="-116.0267282"><ele>1497</ele><time>2026-09-10T02:10:09.000Z</time></trkpt><trkpt lat="51.3255085" lon="-116.0267804"><ele>1496</ele><time>2026-09-10T02:10:14.000Z</time></trkpt><trkpt lat="51.3254683" lon="-116.0268689"><ele>1496</ele><time>2026-09-10T02:10:20.000Z</time></trkpt><trkpt lat="51.3254579" lon="-116.026986"><ele>1495</ele><time>2026-09-10T02:10:25.000Z</time></trkpt><trkpt lat="51.325463" lon="-116.0270912"><ele>1495</ele><time>2026-09-10T02:10:30.000Z</time></trkpt><trkpt lat="51.3255165" lon="-116.027172"><ele>1494</ele><time>2026-09-10T02:10:36.000Z</time></trkpt><trkpt lat="51.3255635" lon="-116.0272472"><ele>1494</ele><time>2026-09-10T02:10:41.000Z</time></trkpt><trkpt lat="51.3256122" lon="-116.0273358"><ele>1494</ele><time>2026-09-10T02:10:46.000Z</time></trkpt><trkpt lat="51.3256519" lon="-116.0274244"><ele>1494</ele><time>2026-09-10T02:10:52.000Z</time></trkpt><trkpt lat="51.3256953" lon="-116.0275084"><ele>1494</ele><time>2026-09-10T02:10:58.000Z</time></trkpt><trkpt lat="51.3257376" lon="-116.0276069"><ele>1494</ele><time>2026-09-10T02:11:04.000Z</time></trkpt><trkpt lat="51.3257551" lon="-116.0277145"><ele>1493</ele><time>2026-09-10T02:11:25.000Z</time></trkpt><trkpt lat="51.3257604" lon="-116.027817"><ele>1493</ele><time>2026-09-10T02:11:30.000Z</time></trkpt><trkpt lat="51.3257678" lon="-116.0279337"><ele>1492</ele><time>2026-09-10T02:11:35.000Z</time></trkpt><trkpt lat="51.325781" lon="-116.0280479"><ele>1491</ele><time>2026-09-10T02:11:42.000Z</time></trkpt><trkpt lat="51.3258047" lon="-116.0281589"><ele>1491</ele><time>2026-09-10T02:11:50.000Z</time></trkpt><trkpt lat="51.3257693" lon="-116.0282539"><ele>1490</ele><time>2026-09-10T02:11:56.000Z</time></trkpt><trkpt lat="51.3257024" lon="-116.0282914"><ele>1490</ele><time>2026-09-10T02:12:02.000Z</time></trkpt><trkpt lat="51.3256432" lon="-116.0283494"><ele>1489</ele><time>2026-09-10T02:12:08.000Z</time></trkpt><trkpt lat="51.3255897" lon="-116.0284097"><ele>1489</ele><time>2026-09-10T02:12:14.000Z</time></trkpt><trkpt lat="51.3255422" lon="-116.0284802"><ele>1489</ele><time>2026-09-10T02:12:19.000Z</time></trkpt><trkpt lat="51.3255187" lon="-116.0285822"><ele>1489</ele><time>2026-09-10T02:12:24.000Z</time></trkpt><trkpt lat="51.3255208" lon="-116.0286977"><ele>1489</ele><time>2026-09-10T02:12:29.000Z</time></trkpt><trkpt lat="51.3255341" lon="-116.0288014"><ele>1488</ele><time>2026-09-10T02:12:35.000Z</time></trkpt><trkpt lat="51.3255292" lon="-116.0289099"><ele>1488</ele><time>2026-09-10T02:12:40.000Z</time></trkpt><trkpt lat="51.3255262" lon="-116.0290112"><ele>1488</ele><time>2026-09-10T02:12:45.000Z</time></trkpt><trkpt lat="51.3255322" lon="-116.0291135"><ele>1488</ele><time>2026-09-10T02:12:50.000Z</time></trkpt><trkpt lat="51.325542" lon="-116.0292145"><ele>1488</ele><time>2026-09-10T02:12:55.000Z</time></trkpt><trkpt lat="51.3255312" lon="-116.0293255"><ele>1487</ele><time>2026-09-10T02:13:00.000Z</time></trkpt><trkpt lat="51.3255158" lon="-116.0294291"><ele>1487</ele><time>2026-09-10T02:13:05.000Z</time></trkpt><trkpt lat="51.3254954" lon="-116.0295329"><ele>1487</ele><time>2026-09-10T02:13:10.000Z</time></trkpt><trkpt lat="51.3254628" lon="-116.0296311"><ele>1487</ele><time>2026-09-10T02:13:15.000Z</time></trkpt><trkpt lat="51.3254315" lon="-116.0297417"><ele>1487</ele><time>2026-09-10T02:13:20.000Z</time></trkpt><trkpt lat="51.3254084" lon="-116.0298554"><ele>1486</ele><time>2026-09-10T02:13:25.000Z</time></trkpt><trkpt lat="51.3253865" lon="-116.02996"><ele>1486</ele><time>2026-09-10T02:13:30.000Z</time></trkpt><trkpt lat="51.3253735" lon="-116.0300693"><ele>1486</ele><time>2026-09-10T02:13:35.000Z</time></trkpt><trkpt lat="51.3253548" lon="-116.0301772"><ele>1486</ele><time>2026-09-10T02:13:40.000Z</time></trkpt><trkpt lat="51.3253176" lon="-116.0302782"><ele>1485</ele><time>2026-09-10T02:13:45.000Z</time></trkpt><trkpt lat="51.3252852" lon="-116.0303867"><ele>1485</ele><time>2026-09-10T02:13:50.000Z</time></trkpt><trkpt lat="51.3252639" lon="-116.0304977"><ele>1485</ele><time>2026-09-10T02:13:55.000Z</time></trkpt><trkpt lat="51.3252742" lon="-116.0306083"><ele>1485</ele><time>2026-09-10T02:14:00.000Z</time></trkpt><trkpt lat="51.3252829" lon="-116.0307177"><ele>1484</ele><time>2026-09-10T02:14:05.000Z</time></trkpt><trkpt lat="51.3252613" lon="-116.0308263"><ele>1484</ele><time>2026-09-10T02:14:10.000Z</time></trkpt><trkpt lat="51.3252526" lon="-116.0309385"><ele>1484</ele><time>2026-09-10T02:14:15.000Z</time></trkpt><trkpt lat="51.3252491" lon="-116.0310563"><ele>1484</ele><time>2026-09-10T02:14:20.000Z</time></trkpt><trkpt lat="51.3252478" lon="-116.0311712"><ele>1484</ele><time>2026-09-10T02:14:26.000Z</time></trkpt><trkpt lat="51.3252512" lon="-116.0312824"><ele>1484</ele><time>2026-09-10T02:14:32.000Z</time></trkpt><trkpt lat="51.325248" lon="-116.0313979"><ele>1484</ele><time>2026-09-10T02:14:37.000Z</time></trkpt><trkpt lat="51.3252257" lon="-116.0315022"><ele>1484</ele><time>2026-09-10T02:14:42.000Z</time></trkpt><trkpt lat="51.3251999" lon="-116.0316051"><ele>1484</ele><time>2026-09-10T02:14:47.000Z</time></trkpt><trkpt lat="51.3251985" lon="-116.031724"><ele>1483</ele><time>2026-09-10T02:14:52.000Z</time></trkpt><trkpt lat="51.3251601" lon="-116.0318143"><ele>1483</ele><time>2026-09-10T02:14:57.000Z</time></trkpt><trkpt lat="51.3251033" lon="-116.0318863"><ele>1483</ele><time>2026-09-10T02:15:02.000Z</time></trkpt><trkpt lat="51.3250703" lon="-116.0319886"><ele>1483</ele><time>2026-09-10T02:15:07.000Z</time></trkpt><trkpt lat="51.3250996" lon="-116.0320933"><ele>1483</ele><time>2026-09-10T02:15:37.000Z</time></trkpt><trkpt lat="51.3251446" lon="-116.0321755"><ele>1483</ele><time>2026-09-10T02:15:42.000Z</time></trkpt><trkpt lat="51.3251813" lon="-116.0322642"><ele>1483</ele><time>2026-09-10T02:15:47.000Z</time></trkpt><trkpt lat="51.3252145" lon="-116.0323596"><ele>1483</ele><time>2026-09-10T02:15:52.000Z</time></trkpt><trkpt lat="51.3252387" lon="-116.0324588"><ele>1483</ele><time>2026-09-10T02:15:57.000Z</time></trkpt><trkpt lat="51.3252587" lon="-116.0325712"><ele>1483</ele><time>2026-09-10T02:16:03.000Z</time></trkpt><trkpt lat="51.325267" lon="-116.0326813"><ele>1483</ele><time>2026-09-10T02:16:08.000Z</time></trkpt><trkpt lat="51.3252705" lon="-116.0327976"><ele>1483</ele><time>2026-09-10T02:16:13.000Z</time></trkpt><trkpt lat="51.3252877" lon="-116.0329066"><ele>1483</ele><time>2026-09-10T02:16:19.000Z</time></trkpt><trkpt lat="51.3253217" lon="-116.0330013"><ele>1483</ele><time>2026-09-10T02:16:24.000Z</time></trkpt><trkpt lat="51.3253374" lon="-116.0331161"><ele>1483</ele><time>2026-09-10T02:16:29.000Z</time></trkpt><trkpt lat="51.3253069" lon="-116.0332181"><ele>1483</ele><time>2026-09-10T02:16:34.000Z</time></trkpt><trkpt lat="51.3252633" lon="-116.0333067"><ele>1484</ele><time>2026-09-10T02:16:39.000Z</time></trkpt><trkpt lat="51.3252159" lon="-116.0333925"><ele>1483</ele><time>2026-09-10T02:16:44.000Z</time></trkpt><trkpt lat="51.3251605" lon="-116.0334447"><ele>1483</ele><time>2026-09-10T02:16:49.000Z</time></trkpt><trkpt lat="51.3250991" lon="-116.0334957"><ele>1483</ele><time>2026-09-10T02:16:54.000Z</time></trkpt><trkpt lat="51.3250376" lon="-116.0335502"><ele>1483</ele><time>2026-09-10T02:16:59.000Z</time></trkpt><trkpt lat="51.3249803" lon="-116.0336118"><ele>1483</ele><time>2026-09-10T02:17:04.000Z</time></trkpt><trkpt lat="51.3249243" lon="-116.0336793"><ele>1483</ele><time>2026-09-10T02:17:09.000Z</time></trkpt><trkpt lat="51.3248706" lon="-116.033754"><ele>1482</ele><time>2026-09-10T02:17:14.000Z</time></trkpt><trkpt lat="51.3248198" lon="-116.0338315"><ele>1482</ele><time>2026-09-10T02:17:20.000Z</time></trkpt><trkpt lat="51.3247697" lon="-116.033909"><ele>1482</ele><time>2026-09-10T02:17:27.000Z</time></trkpt><trkpt lat="51.3247191" lon="-116.0339854"><ele>1482</ele><time>2026-09-10T02:17:34.000Z</time></trkpt><trkpt lat="51.3246689" lon="-116.0340551"><ele>1482</ele><time>2026-09-10T02:17:41.000Z</time></trkpt><trkpt lat="51.3246152" lon="-116.0341107"><ele>1482</ele><time>2026-09-10T02:17:48.000Z</time></trkpt><trkpt lat="51.3245481" lon="-116.0341654"><ele>1482</ele><time>2026-09-10T02:17:53.000Z</time></trkpt><trkpt lat="51.3245063" lon="-116.0342543"><ele>1481</ele><time>2026-09-10T02:17:58.000Z</time></trkpt><trkpt lat="51.3244565" lon="-116.0343221"><ele>1481</ele><time>2026-09-10T02:18:03.000Z</time></trkpt><trkpt lat="51.3244054" lon="-116.0343839"><ele>1481</ele><time>2026-09-10T02:18:08.000Z</time></trkpt><trkpt lat="51.3243967" lon="-116.0344887"><ele>1481</ele><time>2026-09-10T02:18:13.000Z</time></trkpt><trkpt lat="51.3244094" lon="-116.0345947"><ele>1482</ele><time>2026-09-10T02:18:18.000Z</time></trkpt><trkpt lat="51.3244308" lon="-116.0347007"><ele>1482</ele><time>2026-09-10T02:18:23.000Z</time></trkpt><trkpt lat="51.3244691" lon="-116.0347907"><ele>1482</ele><time>2026-09-10T02:18:28.000Z</time></trkpt><trkpt lat="51.3245157" lon="-116.0348675"><ele>1482</ele><time>2026-09-10T02:18:34.000Z</time></trkpt><trkpt lat="51.3245646" lon="-116.0349464"><ele>1483</ele><time>2026-09-10T02:18:39.000Z</time></trkpt><trkpt lat="51.3246113" lon="-116.0350229"><ele>1483</ele><time>2026-09-10T02:20:33.000Z</time></trkpt><trkpt lat="51.3246574" lon="-116.0350926"><ele>1483</ele><time>2026-09-10T02:20:34.000Z</time></trkpt><trkpt lat="51.3247021" lon="-116.0351661"><ele>1483</ele></trkpt><trkpt lat="51.324742" lon="-116.0352664"><ele>1483</ele></trkpt><trkpt lat="51.324743" lon="-116.0353698"><ele>1483</ele></trkpt><trkpt lat="51.324676" lon="-116.0354472"><ele>1481</ele></trkpt><trkpt lat="51.3246528" lon="-116.0354588"><ele>1481</ele></trkpt></trkseg></trk>
</gpx>